date,temperature,humidity,transportation_time,packaging_Glass,packaging_Plastic
2023-01-01,0.5269216393004287,0.16489165519542914,0.8714285714285714,True,False
2023-01-02,0.4374123978508313,0.10173663761699991,0.09999999999999999,False,False
2023-01-03,0.5482036254822695,0.6356302653320025,0.6,True,False
2023-01-04,0.6715954301885615,0.7059432506882493,0.2714285714285714,False,True
2023-01-05,0.4238954695512579,0.02847622007800843,0.5428571428571429,False,True
2023-01-06,0.42389778386995836,0.9365571497489713,0.6857142857142857,False,True
2023-01-07,0.6795152171014152,0.048939211127475346,0.9,True,False
2023-01-08,0.5650835537018234,0.5401330282379064,0.8714285714285714,False,False
2023-01-09,0.39072362714941655,0.70853791515138,0.7571428571428571,False,True
2023-01-10,0.5333842694288938,0.8710648593547521,0.11428571428571427,False,True
2023-01-11,0.3915774041610871,0.7135835240428123,0.5142857142857143,True,False
2023-01-12,0.3912514863236354,0.8015593824619769,0.6857142857142857,False,False
2023-01-13,0.4910107394646577,0.33751602141143744,0.5714285714285715,True,False
2023-01-14,0.1871986628556833,0.8147064315844841,0.22857142857142856,False,True
2023-01-15,0.21375102304623986,0.0771902560298483,0.2857142857142857,False,False
2023-01-16,0.3776402949526235,0.8950034670076938,0.7142857142857143,False,False
2023-01-17,0.3141297698109832,0.5464531140963322,0.8285714285714286,False,True
2023-01-18,0.5012003465895103,0.8171885310417575,0.5428571428571429,False,False
2023-01-19,0.32890381295845283,0.4508151642624241,0.7714285714285715,False,False
2023-01-20,0.2578184296863175,0.6428050075631555,0.5714285714285715,True,False
2023-01-21,0.6635067500441616,0.5251824739234263,0.5428571428571429,False,True
2023-01-22,0.4250763372729327,0.7311529572390265,0.17142857142857143,False,True
2023-01-23,0.4664217775772319,0.07871117808124928,0.9,False,True
2023-01-24,0.2560642026029596,0.05735201830977865,0.14285714285714285,False,True
2023-01-25,0.3801642317537187,0.24481638359956048,0.2571428571428571,False,True
2023-01-26,0.47253883314171874,0.1569234376644848,0.14285714285714285,False,False
2023-01-27,0.29465380704517286,0.871882412613171,0.6428571428571429,True,False
2023-01-28,0.5098626944720978,0.21682062602859897,0.6285714285714286,False,True
2023-01-29,0.37223415356566203,0.9763615968493522,0.0,True,False
2023-01-30,0.41578433555716476,0.3349518652104604,0.5571428571428572,True,False
2023-01-31,0.3720836147319133,0.17958288195308025,0.2571428571428571,False,False
2023-02-01,0.718007663395445,0.7894838647707472,0.8571428571428572,False,True
2023-02-02,0.4550000912534423,0.6579928706672982,0.15714285714285714,False,False
2023-02-03,0.3078033226699004,0.4968678052120936,0.8571428571428572,False,True
2023-02-04,0.5728521175633792,0.5542539675222207,0.45714285714285713,False,False
2023-02-05,0.2848074461681168,0.7187179041259266,0.6285714285714286,True,False
2023-02-06,0.48634501039547173,0.22609667106614495,0.9714285714285714,False,True
2023-02-07,0.18065934979277928,0.9969084282845186,0.09999999999999999,True,False
2023-02-08,0.2696760088097523,0.9752854087787732,0.34285714285714286,True,False
2023-02-09,0.4846531072218131,0.6495787697480759,0.6428571428571429,False,False
2023-02-10,0.561000081199398,0.1970739626718716,0.41428571428571426,False,True
2023-02-11,0.4810595127925691,0.6795955257161534,0.6571428571428571,True,False
2023-02-12,0.4406004472602836,0.06924358521458118,0.6857142857142857,False,False
2023-02-13,0.4144578699035113,0.027539011813873637,0.6571428571428571,False,True
2023-02-14,0.24848402033381703,0.2554364425165727,0.24285714285714283,False,True
2023-02-15,0.3554304408332001,0.4611591907234631,0.9285714285714286,True,False
2023-02-16,0.39196913270784683,0.8683579424492676,0.9571428571428572,False,True
2023-02-17,0.6059191252854249,0.7267156232449421,0.45714285714285713,True,False
2023-02-18,0.5053406005808112,0.7423124132562959,0.49999999999999994,False,True
2023-02-19,0.20837713960484497,0.42388776789395477,0.2571428571428571,False,False
2023-02-20,0.5025869604069413,0.34402558730531796,0.3857142857142857,True,False
2023-02-21,0.40261989433699163,0.36922523073979785,0.5571428571428572,True,False
2023-02-22,0.36148093634538647,0.9881909098350783,0.19999999999999998,False,True
2023-02-23,0.5431271869150884,0.0370318167560999,0.5714285714285715,False,True
2023-02-24,0.6022367587744765,0.8671121936649546,0.5428571428571429,True,False
2023-02-25,0.5881798910248129,0.5776548547176579,0.014285714285714285,False,True
2023-02-26,0.3386030748191363,0.4370599667644244,0.8857142857142858,False,False
2023-02-27,0.413314836128709,0.724796914092207,0.39999999999999997,False,True
2023-02-28,0.5035990076570305,0.4852970086503734,0.9285714285714286,False,False
2023-03-01,0.5944196732777294,0.8735283461189243,0.7142857142857143,False,False
2023-03-02,0.38935629510696845,0.9009111509655512,0.12857142857142856,False,False
2023-03-03,0.43073144446705447,0.42010095323971375,0.1857142857142857,False,False
2023-03-04,0.30094907216741384,0.27465446694142215,0.7142857142857143,False,False
2023-03-05,0.28828038526470223,0.5913820001828967,0.5428571428571429,False,True
2023-03-06,0.571439784414183,0.9126171685577946,0.3857142857142857,False,False
2023-03-07,0.6480840324822574,0.2082361677800335,0.028571428571428574,False,True
2023-03-08,0.44675186648788645,0.6221151807010457,0.9857142857142858,False,False
2023-03-09,0.5983649475070472,0.630741636909097,0.3714285714285714,True,False
2023-03-10,0.5078804565786919,0.7326822762510163,0.014285714285714285,False,False
2023-03-11,0.3659639150517122,0.12883959664287636,0.5285714285714286,True,False
2023-03-12,0.5078465660262746,0.7153281942563074,0.028571428571428574,False,False
2023-03-13,0.6737108393415698,0.9092736229610232,0.21428571428571427,False,False
2023-03-14,0.45185252738927695,0.17713877644273945,0.5571428571428572,False,False
2023-03-15,0.6774614868935264,0.23521996457404182,0.014285714285714285,True,False
2023-03-16,0.0876123961689341,0.9718743632217559,0.5714285714285715,True,False
2023-03-17,0.5727615610601582,0.17843756155910007,0.15714285714285714,False,False
2023-03-18,0.4691732389202634,0.8544174934448117,0.4857142857142857,False,True
2023-03-19,0.4147533795551823,0.4909273444994591,0.9142857142857143,False,False
2023-03-20,0.46983770312582773,0.24494471222369674,0.7714285714285715,True,False
2023-03-21,0.17672661856645197,0.8708447996557276,0.6285714285714286,False,False
2023-03-22,0.42593684103036,0.443775351512842,0.8714285714285714,True,False
2023-03-23,0.5072428114868578,0.5135529218461372,0.6857142857142857,True,False
2023-03-24,0.6652328957783459,0.35737475155856924,0.34285714285714286,True,False
2023-03-25,0.3838451607860781,0.5919848164618018,0.3142857142857143,False,False
2023-03-26,0.3429340482323806,0.16091782694144552,0.32857142857142857,True,False
2023-03-27,0.3861729275482594,0.38934454911490035,0.5285714285714286,True,False
2023-03-28,0.5859416609668436,0.9698840191761804,0.3857142857142857,False,False
2023-03-29,0.5032448601862134,0.25588870736521385,0.2857142857142857,True,False
2023-03-30,0.3822254839623904,0.6560142319016715,0.7571428571428571,False,False
2023-03-31,0.5292550594908059,0.32320143269899715,0.24285714285714283,True,False
2023-04-01,0.4705871778493802,0.7731965174859143,0.49999999999999994,False,True
2023-04-02,0.5934470009170313,0.12814292170781805,0.6285714285714286,False,True
2023-04-03,0.3579383513843414,0.9702943028592321,0.7428571428571429,True,False
2023-04-04,0.4107140786170713,0.45229203995721945,0.41428571428571426,False,True
2023-04-05,0.4016294976815239,0.23372140165731548,0.8428571428571429,False,False
2023-04-06,0.250599476311948,0.07054688200737447,0.44285714285714284,False,True
2023-04-07,0.49864508037601873,0.1671756676356413,0.9428571428571428,True,False
2023-04-08,0.4937021693717454,0.5185284460425119,0.9428571428571428,True,False
2023-04-09,0.4576235314068001,0.3350596599799185,0.3857142857142857,False,False
2023-04-10,0.42383432510196184,0.8288183731361198,0.6142857142857143,True,False
2023-04-11,0.25738608668932705,0.4293025578810521,0.5714285714285715,False,False
2023-04-12,0.39760677787085685,0.2464335748423112,0.8857142857142858,False,True
2023-04-13,0.4085922330560303,0.6162713506691435,0.3142857142857143,False,True
2023-04-14,0.34381032884926566,0.7062458924990127,0.6714285714285715,False,False
2023-04-15,0.4341672027155967,0.1644492978721368,0.44285714285714284,False,False
2023-04-16,0.5138594301842707,0.16502881103927391,0.8,True,False
2023-04-17,0.722787438175607,0.03358092322215067,0.45714285714285713,False,True
2023-04-18,0.48151194191166735,0.7359838297867121,0.32857142857142857,False,False
2023-04-19,0.4932081064968058,0.6631090876292238,0.5428571428571429,False,True
2023-04-20,0.4464085066644701,0.4732129687886475,0.4714285714285714,False,False
2023-04-21,0.18642463247137278,0.8441638386267412,0.7857142857142857,False,True
2023-04-22,0.4531652092606643,0.805516507373677,0.3857142857142857,True,False
2023-04-23,0.46539302145236616,0.5843593179259465,0.5142857142857143,False,True
2023-04-24,0.8041317159298621,0.8683567128761889,0.0857142857142857,False,True
2023-04-25,0.42978670395084817,0.2033967771664542,0.9571428571428572,False,True
2023-04-26,0.499410102389489,0.10911649362170417,0.5142857142857143,False,True
2023-04-27,0.4520095995049195,0.2675492491534699,0.7857142857142857,False,True
2023-04-28,0.29216093093689954,0.05407432028237724,0.9142857142857143,True,False
2023-04-29,0.617999841724923,0.5299675459760056,0.9142857142857143,False,False
2023-04-30,0.562898369176701,0.9369520983973176,0.6571428571428571,False,True
2023-05-01,0.5684099170764464,0.03626324194016184,0.2714285714285714,True,False
2023-05-02,0.32871162526487396,0.1193457056582039,0.2571428571428571,False,True
2023-05-03,0.6546465205057473,0.4506954525799338,0.39999999999999997,False,True
2023-05-04,0.2592918777080089,0.9342109949986752,0.8428571428571429,False,False
2023-05-05,0.539628568486635,0.31413297214980074,0.24285714285714283,False,True
2023-05-06,0.7656785820649562,0.5059414183518247,0.4857142857142857,True,False
2023-05-07,0.3172725381896835,0.03850107423969318,0.6,True,False
2023-05-08,0.3770750001932798,0.14567917930705332,0.14285714285714285,False,False
2023-05-09,0.4709499937732359,0.9871675757446039,0.6857142857142857,False,True
2023-05-10,0.3859306649580515,0.9655739956292906,0.5285714285714286,True,False
2023-05-11,0.2383146585365943,0.0017282926850388236,0.9,False,True
2023-05-12,0.4665676431380805,0.9522162646235013,0.9714285714285714,False,True
2023-05-13,0.3071559043548151,0.6383302257052557,0.09999999999999999,False,True
2023-05-14,0.5236623037792679,0.8680023788055746,0.4714285714285714,False,False
2023-05-15,0.32729679849670545,0.4532459835218219,0.6714285714285715,False,True
2023-05-16,0.6753880088527968,0.5143345703068387,0.7857142857142857,True,False
2023-05-17,0.34649202888042296,0.4874829640325449,0.9142857142857143,False,True
2023-05-18,0.4115035671024424,0.6661805028690055,0.42857142857142855,True,False
2023-05-19,0.5715795356319556,0.13695403797096062,0.04285714285714286,False,True
2023-05-20,0.2833948907530336,0.026857506668636733,0.7000000000000001,True,False
2023-05-21,0.4889664288708786,0.3058753924900115,0.9714285714285714,True,False
2023-05-22,0.6411630735901082,0.7041414318500556,0.41428571428571426,False,True
2023-05-23,0.23030509935129942,0.1993937897355058,0.8285714285714286,False,True
2023-05-24,0.4829294845333144,0.6727737629552637,0.9428571428571428,True,False
2023-05-25,0.4935368919366282,0.9703856514270401,0.6285714285714286,False,False
2023-05-26,0.5671117669800787,0.0910287746020606,0.04285714285714286,False,True
2023-05-27,0.2825369269177751,0.6719402768259597,0.35714285714285715,False,False
2023-05-28,0.2707655826874189,0.4422143770282638,0.3714285714285714,False,True
2023-05-29,0.53047780179885,0.8682271939808979,0.6428571428571429,False,True
2023-05-30,0.49876692930625344,0.17459578210170235,0.9,False,True
2023-05-31,0.4922132458342523,0.6920405832030769,0.7142857142857143,False,True
2023-06-01,0.5057395180314679,0.8380855542427521,0.7000000000000001,False,False
2023-06-02,0.36104356366651114,0.9449912106832199,0.07142857142857142,False,True
2023-06-03,0.48964217786256337,0.6826268443409014,0.8285714285714286,True,False
2023-06-04,0.49821544910053905,0.4958429536809581,0.19999999999999998,True,False
2023-06-05,0.3562047277339184,0.6169762862203021,0.41428571428571426,False,False
2023-06-06,0.7199101625299765,0.8689928369999438,0.5857142857142857,False,True
2023-06-07,0.5236962043031254,0.5695583894757628,0.5142857142857143,True,False
2023-06-08,0.28897155071243064,0.027272555562013245,0.5857142857142857,False,False
2023-06-09,0.549453283220405,0.9312734971560699,0.4857142857142857,False,True
2023-06-10,0.31950747722501305,0.6889295459495408,0.07142857142857142,True,False
2023-06-11,0.5678534829136017,0.6758664817733449,0.9571428571428572,True,False
2023-06-12,0.6202232371424796,0.21326827601825915,0.24285714285714283,False,False
2023-06-13,0.34121587548533505,0.6581712440272758,0.39999999999999997,False,True
2023-06-14,0.5927042800040043,0.39213804608219816,0.8285714285714286,False,True
2023-06-15,0.5150900576949703,0.6504895254471457,0.6571428571428571,True,False
2023-06-16,0.5727837848612931,0.10376956192804476,0.22857142857142856,True,False
2023-06-17,0.7242826571200307,0.6571271059347785,0.3,True,False
2023-06-18,0.4223117730286594,1.0000000000000002,0.9571428571428572,False,True
2023-06-19,0.35065288775326486,0.04516560952649917,0.9714285714285714,False,False
2023-06-20,0.33151301072368555,0.9776755241376169,0.5142857142857143,False,False
2023-06-21,0.34190265786330376,0.4052314153697343,0.6857142857142857,False,True
2023-06-22,0.44603413478884535,0.8708483622745935,0.17142857142857143,False,False
2023-06-23,0.5049929384496679,0.7821429127568698,0.4714285714285714,True,False
2023-06-24,0.49590621923462574,0.5659511800589005,0.7428571428571429,False,False
2023-06-25,0.573505957103463,0.7380388423454265,0.7142857142857143,False,False
2023-06-26,0.45873551851360395,0.8786401172653346,0.028571428571428574,False,False
2023-06-27,0.6617990119893188,0.4024532064971311,0.5857142857142857,True,False
2023-06-28,0.41959557336541264,0.3250515689509088,0.44285714285714284,False,True
2023-06-29,0.8403492372792586,0.6669124154756889,0.7142857142857143,True,False
2023-06-30,0.5450994255999249,0.8077006058501683,0.6428571428571429,False,True
2023-07-01,0.33607417206319745,0.7619657988821027,0.2857142857142857,False,True
2023-07-02,0.3059451930846342,0.7976299987618694,0.6142857142857143,False,True
2023-07-03,0.5249140638683089,0.4340162825761189,0.14285714285714285,False,False
2023-07-04,0.42540246012915095,0.8177270259786458,0.9571428571428572,False,False
2023-07-05,0.557551238524466,0.11743758751110378,0.0,False,True
2023-07-06,0.5236122888201309,0.5433379842741806,0.8857142857142858,False,True
2023-07-07,0.4466364462438074,0.0025500988413644787,0.32857142857142857,False,False
2023-07-08,0.33753510243479445,0.32259489076282866,0.17142857142857143,True,False
2023-07-09,0.24336346207249984,0.3646305218829127,0.14285714285714285,False,True
2023-07-10,0.39396008579788644,0.39445514753744604,0.7142857142857143,True,False
2023-07-11,0.5776243036079644,0.6948926886096998,0.22857142857142856,False,False
2023-07-12,0.4870822742786849,0.386811476563127,0.32857142857142857,False,True
2023-07-13,0.2812981238049461,0.44717665953777175,0.2571428571428571,True,False
2023-07-14,0.481315030830345,0.23522077360247096,0.5142857142857143,True,False
2023-07-15,0.5112186802303,0.37144671109057636,0.09999999999999999,True,False
2023-07-16,0.33231044437984714,0.22490703096723297,0.3857142857142857,False,False
2023-07-17,0.47857245638539425,0.07024490958028173,0.05714285714285714,False,False
2023-07-18,0.465108063483911,0.6025226499946121,0.22857142857142856,True,False
2023-07-19,0.29578480238124916,0.6675341940472201,0.49999999999999994,True,False
2023-07-20,0.5073379325677374,0.6186256671608932,0.2571428571428571,False,False
2023-07-21,0.5359532693987472,0.4620336045251099,0.9,True,False
2023-07-22,0.6095741888927184,0.3780056533845719,0.14285714285714285,True,False
2023-07-23,0.6054510995268594,0.863400224788303,0.7571428571428571,False,False
2023-07-24,0.26270063141832245,0.5178336392038072,0.6285714285714286,True,False
2023-07-25,0.32470294330721394,0.4777813512524869,0.6571428571428571,True,False
2023-07-26,0.5295042608421857,0.022509440219083965,0.15714285714285714,True,False
2023-07-27,0.5293281519470108,0.3393205217847286,0.2857142857142857,False,False
2023-07-28,0.5295060114905413,0.3784170571925516,0.14285714285714285,True,False
2023-07-29,1.0000000000000002,0.39711535769528195,0.05714285714285714,False,False
2023-07-30,0.5373778515795566,0.5791575323665639,0.7857142857142857,False,False
2023-07-31,0.6169768398175938,0.5324098565648889,0.2714285714285714,False,True
2023-08-01,0.5913828298635674,0.6069961690792858,0.5714285714285715,False,True
2023-08-02,0.5487255755549239,0.7645738480694204,0.6428571428571429,True,False
2023-08-03,0.4124610343543277,0.8128600318564441,0.15714285714285714,False,False
2023-08-04,0.5638902198908595,0.7176350824441018,0.9857142857142858,False,True
2023-08-05,0.3479620147159861,0.9559423511925202,0.22857142857142856,True,False
2023-08-06,0.42351976720336204,0.015071659771900503,0.2571428571428571,False,True
2023-08-07,0.3884838238631042,0.19329512067894328,0.35714285714285715,False,True
2023-08-08,0.46844404104819093,0.004361203738486585,0.6714285714285715,False,False
2023-08-09,0.7831867525379499,0.6467169095001544,0.7285714285714286,False,False
2023-08-10,0.19368513870154339,0.8982296339714242,0.9857142857142858,False,True
2023-08-11,0.5536408482947078,0.24118161756080259,0.7714285714285715,False,True
2023-08-12,0.2295674848191738,0.9273443980391562,0.45714285714285713,False,False
2023-08-13,0.39037721042267026,0.0572670011578047,0.8714285714285714,True,False
2023-08-14,0.6104057866886667,0.9347741468086515,0.3142857142857143,False,False
2023-08-15,0.46596389963420304,0.34973500368862775,0.19999999999999998,False,True
2023-08-16,0.3049792668092426,0.09857760708062302,0.3714285714285714,True,False
2023-08-17,0.3560704887445524,0.4844967819191217,0.9,False,True
2023-08-18,0.5527016824449782,0.254526660425481,0.7142857142857143,True,False
2023-08-19,0.353947155654627,0.2827302964672622,0.7428571428571429,False,True
2023-08-20,0.4874156328692627,0.3052329717109481,0.7142857142857143,True,False
2023-08-21,0.4633267157780929,0.8028621536671872,0.6571428571428571,True,False
2023-08-22,0.365050383325061,0.5379898156788239,0.04285714285714286,False,True
2023-08-23,0.759122119681115,0.3092660499393711,0.0857142857142857,True,False
2023-08-24,0.5462626164531947,0.6094341349300758,0.4857142857142857,False,False
2023-08-25,0.1714300752552261,0.7156551477041748,0.6714285714285715,False,True
2023-08-26,0.4831861037237827,0.27043461585680073,0.6285714285714286,False,False
2023-08-27,0.36361450528143135,0.41189791913801943,0.2571428571428571,False,True
2023-08-28,0.5770653157053904,0.11912103019883924,0.8857142857142858,True,False
2023-08-29,0.3451856505855285,0.1786106167794237,0.5285714285714286,True,False
2023-08-30,0.4407289842030009,0.6804885347364482,0.9428571428571428,True,False
2023-08-31,0.5280878540358179,0.17890071864388934,0.8285714285714286,False,True
2023-09-01,0.5789432211987211,0.5239384637706817,0.9714285714285714,False,False
2023-09-02,0.2877038722044811,0.7085236029716668,0.17142857142857143,False,False
2023-09-03,0.409750011747824,0.10405453892054761,0.6571428571428571,False,True
2023-09-04,0.3899524224513964,0.5662482689872042,0.8571428571428572,False,True
2023-09-05,0.36480667240698084,0.2543120599507116,0.42857142857142855,False,False
2023-09-06,0.7057685939651246,0.9633738037174553,0.3,False,False
2023-09-07,0.5139906473113987,0.4821617858719178,0.6,False,False
2023-09-08,0.27916319596178607,0.8058401354540576,0.9428571428571428,False,False
2023-09-09,0.5862884088887701,0.5490973401569459,0.7571428571428571,False,True
2023-09-10,0.7560508064722194,0.04034777388277955,0.12857142857142856,False,True
2023-09-11,0.6024433753937023,0.6323388691410543,0.5857142857142857,True,False
2023-09-12,0.24272591738493085,0.9518062615346556,0.9,False,False
2023-09-13,0.38864303941836487,0.6006788619983767,0.2857142857142857,True,False
2023-09-14,0.6354918568256559,0.819086842704595,0.9285714285714286,False,True
2023-09-15,0.3571466439319657,0.884352753252136,0.5714285714285715,False,True
2023-09-16,0.5194653757561045,0.22572026965035175,0.32857142857142857,True,False
2023-09-17,0.5660984008209472,0.20962409911988655,0.4857142857142857,False,False
2023-09-18,0.3262386876168769,0.6100838121918715,0.7857142857142857,False,False
2023-09-19,0.4485117717002277,0.4093676609563921,0.41428571428571426,False,False
2023-09-20,0.0,0.8398382356039109,0.8,False,False
2023-09-21,0.31250071386163414,0.9002298181960049,0.6571428571428571,True,False
2023-09-22,0.42129964495229255,0.3515405650783294,0.4857142857142857,True,False
2023-09-23,0.28100993609845726,0.2345446292859925,0.2571428571428571,False,True
2023-09-24,0.6870143004384244,0.7802758405957835,0.09999999999999999,False,False
2023-09-25,0.2553039555440204,0.2726249840099111,0.35714285714285715,False,False
2023-09-26,0.3948721898909988,0.8225253838513686,1.0,False,False
2023-09-27,0.4753324602692557,0.42212598432238946,0.41428571428571426,True,False
2023-09-28,0.6600706795799448,0.6668687631265608,0.0857142857142857,False,False
2023-09-29,0.25449753121899366,0.09266961528777817,0.9428571428571428,True,False
2023-09-30,0.6208671860994164,0.6230113312528149,0.9142857142857143,False,False
2023-10-01,0.4583452124359756,0.4502624556806427,0.49999999999999994,False,False
2023-10-02,0.3185451172100857,0.5856182061927078,0.34285714285714286,False,True
2023-10-03,0.5220427720248851,0.165425310994902,0.5142857142857143,False,False
2023-10-04,0.4849630113755643,0.7364573612335585,0.0,False,False
2023-10-05,0.37229361407165806,0.8628616035548455,0.19999999999999998,False,True
2023-10-06,0.46674231333659055,0.21433698967284998,0.5142857142857143,True,False
2023-10-07,0.40258728699507307,0.09284954150938907,0.17142857142857143,True,False
2023-10-08,0.4729046008283646,0.020498309034304052,0.09999999999999999,False,False
2023-10-09,0.5502394499537661,0.6411926786435218,0.05714285714285714,True,False
2023-10-10,0.6804743377328555,0.6061820148942223,0.8428571428571429,False,False
2023-10-11,0.28241502276055686,0.5455547327307717,0.0,False,True
2023-10-12,0.7575840993163803,0.22960236338990048,0.49999999999999994,False,True
2023-10-13,0.18172818621891954,0.38916833796667416,0.4857142857142857,False,False
2023-10-14,0.43550644971254837,0.5935161261386479,0.9285714285714286,False,True
2023-10-15,0.5398343921298505,0.49543349071435205,0.8857142857142858,False,True
2023-10-16,0.4965125159803181,0.9883273855408938,0.3142857142857143,False,False
2023-10-17,0.3691243659228668,0.13373027082731603,0.11428571428571427,False,False
2023-10-18,0.4275649266497452,0.6945688037351723,0.4714285714285714,False,True
2023-10-19,0.387407225598575,0.402632334449462,0.6428571428571429,True,False
2023-10-20,0.37382337471491944,0.42660438383963895,0.04285714285714286,True,False
2023-10-21,0.5766662124855059,0.7171077656792015,0.41428571428571426,False,False
2023-10-22,0.5072291258986563,0.6918500574388036,0.028571428571428574,False,False
2023-10-23,0.3592272575196367,0.9918111130011193,0.1857142857142857,True,False
2023-10-24,0.5837141102375731,0.12565408155707813,0.8428571428571429,False,True
2023-10-25,0.5002209537414916,0.10127669680454399,0.6285714285714286,True,False
2023-10-26,0.5714871901796457,0.7238745616811679,0.4714285714285714,True,False
2023-10-27,0.5456578545274078,0.5773652613828748,0.6285714285714286,True,False
2023-10-28,0.3400440832749444,0.271977150313774,0.8571428571428572,True,False
2023-10-29,0.3779372345341301,0.07649212255895677,0.21428571428571427,False,False
2023-10-30,0.5622443758967163,0.08275482987331917,0.9285714285714286,False,False
2023-10-31,0.5429430843463444,0.8943752957098157,0.5571428571428572,False,True
2023-11-01,0.4539563401332495,0.18936952463547319,0.22857142857142856,False,True
2023-11-02,0.4734416798649487,0.3213759856072995,0.4714285714285714,False,True
2023-11-03,0.6370077503094873,0.22429146398318967,0.21428571428571427,False,True
2023-11-04,0.37351231857517764,0.3531215063584616,0.8428571428571429,True,False
2023-11-05,0.5340238716747275,0.0664584227254359,0.9285714285714286,False,False
2023-11-06,0.4284007877860201,0.517811560978416,0.9285714285714286,False,False
2023-11-07,0.42621745633038943,0.06464022617398846,0.17142857142857143,False,True
2023-11-08,0.6117909370466378,0.8001825690759292,0.7857142857142857,False,True
2023-11-09,0.573256887419332,0.23137408978445695,0.42857142857142855,True,False
2023-11-10,0.5715784669301963,0.5388437022518529,0.4714285714285714,True,False
2023-11-11,0.6409285165838549,0.8802096147379592,0.5428571428571429,False,True
2023-11-12,0.45986350710590485,0.6501325593618708,0.9428571428571428,False,False
2023-11-13,0.5530336845239872,0.5317626340066364,0.09999999999999999,False,False
2023-11-14,0.41316620617155775,0.322341851279647,0.7714285714285715,False,False
2023-11-15,0.5025985734753409,0.3310431155114395,0.3714285714285714,False,True
2023-11-16,0.4385572030583438,0.6688132167807739,0.7428571428571429,False,False
2023-11-17,0.47057567737450434,0.9947054922956295,0.5428571428571429,True,False
2023-11-18,0.5407985618619787,0.6611362440989468,0.9142857142857143,True,False
2023-11-19,0.3415628779555887,0.5566830755881531,0.22857142857142856,False,True
2023-11-20,0.7518544537468363,0.730210359574464,0.41428571428571426,True,False
2023-11-21,0.3150902631797178,0.4637517096040302,0.7428571428571429,False,True
2023-11-22,0.2857455682826099,0.057141475903449646,0.17142857142857143,False,False
2023-11-23,0.6201549110095181,0.5612137110701394,0.2857142857142857,False,False
2023-11-24,0.5684988298229721,0.958051965851751,0.2571428571428571,False,False
2023-11-25,0.5448812791426476,0.17274188177805483,0.7428571428571429,True,False
2023-11-26,0.5454769505422289,0.6894095117868322,0.2571428571428571,False,True
2023-11-27,0.45517636022681784,0.19847051363275003,0.8,False,False
2023-11-28,0.330421955869435,0.5346434922626104,0.34285714285714286,False,True
2023-11-29,0.467588447279792,0.0938151091746604,0.42857142857142855,False,False
2023-11-30,0.3614471456425864,0.4488603789476222,0.7714285714285715,True,False
2023-12-01,0.5943597079866773,0.7558206134101102,0.3142857142857143,True,False
2023-12-02,0.436172888155274,0.34566836902253284,0.44285714285714284,False,True
2023-12-03,0.3405371499095782,0.6642205129543355,0.8714285714285714,True,False
2023-12-04,0.41159881303760615,0.7952572836083942,0.12857142857142856,True,False
2023-12-05,0.5151112766636673,0.9274882198980057,0.7571428571428571,False,True
2023-12-06,0.37743772604934456,0.23230764146215477,0.7285714285714286,False,False
2023-12-07,0.3409990616330322,0.3976103759232663,0.2714285714285714,True,False
2023-12-08,0.4912538942729736,0.14976754602122377,0.44285714285714284,False,True
2023-12-09,0.49143423820131904,0.9930433093951059,0.1857142857142857,True,False
2023-12-10,0.3854418685348109,0.9273106929348003,0.7000000000000001,True,False
2023-12-11,0.39050317043372085,0.538788708702864,0.3857142857142857,True,False
2023-12-12,0.4896134550211547,0.8420185220960592,0.7428571428571429,True,False
2023-12-13,0.2527746397145645,0.5197169966442678,0.32857142857142857,False,True
2023-12-14,0.2585006862068254,0.6227366495420408,0.3,False,True
2023-12-15,0.35562778892638125,0.08623424997833373,0.41428571428571426,False,True
2023-12-16,0.42681430609261883,0.7549242949341193,0.8857142857142858,True,False
2023-12-17,0.5007295589453392,0.12497067569472886,0.04285714285714286,True,False
2023-12-18,0.664875152867398,0.8259918840212652,0.8285714285714286,True,False
2023-12-19,0.5778020353652754,0.7817841514480095,0.09999999999999999,False,True
2023-12-20,0.4343571071312484,0.708220887298981,0.15714285714285714,True,False
2023-12-21,0.45422211210565144,0.03306792509257739,0.42857142857142855,False,False
2023-12-22,0.3155819487501731,0.30105546926388027,0.4714285714285714,True,False
2023-12-23,0.45429302724425,0.26088686023662677,0.6857142857142857,False,False
2023-12-24,0.4162121775889386,0.358281238393783,0.8,True,False
2023-12-25,0.5023944865865635,0.08474690596960288,0.35714285714285715,False,True
2023-12-26,0.340292753652801,0.9373055739445117,0.24285714285714283,True,False
2023-12-27,0.5301119924101473,0.5526866945476381,0.5285714285714286,False,False
2023-12-28,0.6729640597621248,0.30346057428963946,0.7000000000000001,False,False
2023-12-29,0.4415714276756666,0.39526706196161854,0.09999999999999999,True,False
2023-12-30,0.5135296958875202,0.44567988287664106,0.5714285714285715,False,False
2023-12-31,0.5541883253142666,0.5996574893618245,0.07142857142857142,False,False
2024-01-01,0.40034498679124664,0.5144182879309545,0.9714285714285714,False,True
2024-01-02,0.488491738520053,0.9196726389595984,0.6142857142857143,True,False
2024-01-03,0.4586777949213279,0.4956308656815429,0.9,True,False
2024-01-04,0.4706715518696012,0.9927165790019008,0.39999999999999997,True,False
2024-01-05,0.3479359970463616,0.8514460528622112,0.3857142857142857,False,False
2024-01-06,0.46035777454375637,0.20607627574072263,0.14285714285714285,True,False
2024-01-07,0.5271026568428414,0.9309186663256892,0.9142857142857143,True,False
2024-01-08,0.6614620413442263,0.11358025465719201,0.2571428571428571,False,True
2024-01-09,0.592125579153176,0.8173410498339706,0.11428571428571427,False,True
2024-01-10,0.7604243990311229,0.37884636520183834,0.3714285714285714,False,True
2024-01-11,0.34873416759903964,0.878096809373627,0.4714285714285714,False,False
2024-01-12,0.5798687136758445,0.8681413029351097,0.6142857142857143,True,False
2024-01-13,0.4827473795140188,0.8057727293474379,0.9571428571428572,False,True
2024-01-14,0.7655865757638725,0.7898170615952542,0.19999999999999998,False,True
2024-01-15,0.3429615810164558,0.30261217496231807,0.7142857142857143,False,True
2024-01-16,0.3385319838914139,0.07799776489445165,0.17142857142857143,True,False
2024-01-17,0.37240980125105305,0.4012886329471286,0.6857142857142857,True,False
2024-01-18,0.15750941639854507,0.17095666247251473,0.9857142857142858,True,False
2024-01-19,0.382790071324448,0.6943745997335686,0.7857142857142857,False,False
2024-01-20,0.3498921747442867,0.34419095042639114,0.7142857142857143,False,False
2024-01-21,0.47810285954039733,0.9761055678179995,0.5142857142857143,False,True
2024-01-22,0.5050780809729368,0.6401894386811948,0.22857142857142856,True,False
2024-01-23,0.7213756727900154,0.8223911181531225,0.8142857142857143,False,True
2024-01-24,0.590878470419405,0.1298002390578774,0.39999999999999997,True,False
2024-01-25,0.37557994411662843,0.8620760194999812,0.45714285714285713,True,False
2024-01-26,0.33025839510628674,0.9230507082509991,0.8428571428571429,True,False
2024-01-27,0.5262457184807127,0.4856914868518485,0.7714285714285715,False,False
2024-01-28,0.270797074948549,0.6053377043449915,0.12857142857142856,False,False
2024-01-29,0.7150728703187369,0.764500106879139,0.6571428571428571,True,False
2024-01-30,0.6231615716716039,0.17227579343005406,0.3142857142857143,False,True
2024-01-31,0.3907657379302858,0.5012548559228038,0.2857142857142857,True,False
2024-02-01,0.21541204720247767,0.3969549944627091,0.17142857142857143,True,False
2024-02-02,0.6477502779297255,0.1437024499656474,0.45714285714285713,False,True
2024-02-03,0.4407566972346735,0.3657075067326532,0.32857142857142857,True,False
2024-02-04,0.6313905258404924,0.06520210967430229,0.14285714285714285,False,True
2024-02-05,0.2321454683841103,0.022679929996945347,0.22857142857142856,False,False
2024-02-06,0.37241228539161597,0.13245194398256133,0.9571428571428572,False,False
2024-02-07,0.45764189102016206,0.9635627589564046,0.6571428571428571,False,True
2024-02-08,0.4635252996649166,0.5483976719816575,0.34285714285714286,False,False
2024-02-09,0.3934595896042804,0.9662801469257887,0.2857142857142857,False,False
2024-02-10,0.5447022708378878,0.43091906260275015,0.15714285714285714,False,True
2024-02-11,0.3064064376882204,0.30977642561218355,0.5142857142857143,False,False
2024-02-12,0.4368323041761204,0.5048442984695765,0.5857142857142857,True,False
2024-02-13,0.47386009668090046,0.4379596591213546,0.22857142857142856,True,False
2024-02-14,0.529420185109423,0.10283767046547165,0.6714285714285715,False,True
2024-02-15,0.5572149520293413,0.6400431193486327,0.3857142857142857,False,False
2024-02-16,0.29836842361239113,0.21363269256668738,0.5714285714285715,True,False
2024-02-17,0.24064751208300825,0.6187236488240528,0.6571428571428571,True,False
2024-02-18,0.637009431464273,0.649453699966577,0.24285714285714283,False,False
2024-02-19,0.5037471019267218,0.14937489195219333,1.0,False,False
2024-02-20,0.35139289743274216,0.05835337111451344,0.17142857142857143,True,False
2024-02-21,0.6755596427272923,0.7805128129908039,0.17142857142857143,True,False
2024-02-22,0.4732087013918249,0.45832587830919236,0.42857142857142855,False,True
2024-02-23,0.6231414227174145,0.0551553726029923,0.014285714285714285,False,True
2024-02-24,0.46642040694297504,0.9954352245381541,0.21428571428571427,True,False
2024-02-25,0.7473944373923869,0.0547706744953782,0.11428571428571427,False,True
2024-02-26,0.7043429667442556,0.6944590610258421,0.5285714285714286,True,False
2024-02-27,0.4218076804059322,0.9842051072256088,0.7571428571428571,True,False
2024-02-28,0.5938594566407049,0.23686299483688655,0.7857142857142857,False,True
2024-02-29,0.547877633249859,0.13956207427463263,0.6285714285714286,False,True
2024-03-01,0.6498307946762205,0.11861796234363253,0.4714285714285714,False,False
2024-03-02,0.3208830356202238,0.3012028214932787,0.11428571428571427,False,False
2024-03-03,0.5536114247804029,0.09820115742509627,0.09999999999999999,False,False
2024-03-04,0.6061026974372883,0.6915741982920052,0.0857142857142857,True,False
2024-03-05,0.20898338004021036,0.05929914034874151,0.49999999999999994,False,True
2024-03-06,0.2901056056691401,0.5081370913341536,0.24285714285714283,True,False
2024-03-07,0.16944394705888752,0.9972727521647398,0.028571428571428574,False,True
2024-03-08,0.41892599315826207,0.8138483226360307,0.3857142857142857,True,False
2024-03-09,0.5580505001945597,0.6143384484966803,0.9857142857142858,False,False
2024-03-10,0.6686813044880517,0.30419266970292536,0.6142857142857143,False,False
2024-03-11,0.46734742979237065,0.6230479823082071,0.2857142857142857,False,False
2024-03-12,0.6864792343281927,0.5258237165307247,0.3857142857142857,True,False
2024-03-13,0.2623577937162259,0.4244800707749705,0.7571428571428571,False,True
2024-03-14,0.21678674290914837,0.12797901413711377,0.7571428571428571,False,True
2024-03-15,0.4490724790332983,0.8867596623208087,0.9142857142857143,False,False
2024-03-16,0.511042202785152,0.44827185243939294,0.2857142857142857,False,False
2024-03-17,0.4522939273796881,0.19213523398334598,0.17142857142857143,False,False
2024-03-18,0.1654673574155963,0.36593329433589017,0.8,False,False
2024-03-19,0.4443399802808642,0.412480787687042,0.6857142857142857,False,True
2024-03-20,0.2730191935155154,0.8274677643782671,0.7571428571428571,True,False
2024-03-21,0.5513025843704689,0.7331855491177999,0.12857142857142856,True,False
2024-03-22,0.5085799521900701,0.7690123666806132,0.7428571428571429,True,False
2024-03-23,0.3244132975853493,0.00784283920283868,0.6142857142857143,True,False
2024-03-24,0.3844658686607234,0.41451276406889814,0.6571428571428571,False,False
2024-03-25,0.30759151083162617,0.4799518831287217,0.7428571428571429,False,False
2024-03-26,0.4480672070355547,0.01603501905543725,0.6428571428571429,False,False
2024-03-27,0.5915436075906648,0.2575748985874202,0.17142857142857143,True,False
2024-03-28,0.3179506153799857,0.7599628669974887,0.5142857142857143,False,False
2024-03-29,0.5279552400496782,0.13440278259604987,0.32857142857142857,False,False
2024-03-30,0.3821553663013544,0.5341239626721381,0.014285714285714285,False,True
2024-03-31,0.34513601795405446,0.21279318814800297,0.1857142857142857,False,True
2024-04-01,0.44181526595976783,0.008936510331270409,0.12857142857142856,False,False
2024-04-02,0.3109705922272643,0.23889206790576,0.4857142857142857,False,True
2024-04-03,0.37885797543156285,0.9763701283988775,0.34285714285714286,False,True
2024-04-04,0.288044796205829,0.8013676819432984,0.028571428571428574,False,False
2024-04-05,0.7338586595811857,0.9600107780424929,0.22857142857142856,False,False
2024-04-06,0.46187361602743604,0.4864866371386245,0.15714285714285714,False,False
2024-04-07,0.3582664577091812,0.1069247342701043,0.7571428571428571,False,False
2024-04-08,0.4870662278430006,0.546821628944973,0.32857142857142857,True,False
2024-04-09,0.4410684812671445,0.45288207795542856,0.39999999999999997,True,False
2024-04-10,0.42575391011555763,0.8443511851641494,0.6,False,False
2024-04-11,0.5434782457835747,0.09522661042208358,0.34285714285714286,False,True
2024-04-12,0.5636841992132647,0.4868752085687471,0.8428571428571429,False,False
2024-04-13,0.38212103739266734,0.1473911563202659,0.9142857142857143,False,False
2024-04-14,0.37573294879616437,0.32268533183911496,0.3857142857142857,False,True
2024-04-15,0.41813026949918297,0.7369425395564619,0.21428571428571427,True,False
2024-04-16,0.1324141993462448,0.47460552042297843,0.6571428571428571,False,False
2024-04-17,0.24331499328629166,0.3740932735540268,0.8142857142857143,False,False
2024-04-18,0.649583079652613,0.39275225578211637,0.3714285714285714,True,False
2024-04-19,0.688784304898429,0.45797087231211187,0.7428571428571429,True,False
2024-04-20,0.4217975463364152,0.784784020730863,0.5857142857142857,False,True
2024-04-21,0.5381766186075492,0.8922610663202302,0.8285714285714286,True,False
2024-04-22,0.5007778517282543,0.9557526199016391,0.6571428571428571,True,False
2024-04-23,0.8909147434803669,0.7866780691278863,0.4714285714285714,True,False
2024-04-24,0.6147227192393993,0.31338090164035637,0.5142857142857143,False,True
2024-04-25,0.4388709136946184,0.6875321846907456,0.07142857142857142,True,False
2024-04-26,0.32220570569722473,0.436043805606656,0.0857142857142857,True,False
2024-04-27,0.23045126716558836,0.2524126720020876,0.34285714285714286,False,True
2024-04-28,0.4855838093766408,0.8408523704776085,0.45714285714285713,True,False
2024-04-29,0.35028432539665866,0.03534254741682985,0.7714285714285715,True,False
2024-04-30,0.25641583454924344,0.9019753277907094,0.8142857142857143,False,True
2024-05-01,0.36575907576824507,0.46000932389703597,0.0857142857142857,False,False
2024-05-02,0.3044431480734151,0.6364044379657212,0.8,False,True
2024-05-03,0.6947293187865943,0.6586414850501641,0.15714285714285714,True,False
2024-05-04,0.5811823761744076,0.8953057015163255,0.21428571428571427,True,False
2024-05-05,0.4557788598370217,0.6358706123649531,0.6,True,False
2024-05-06,0.6655218856974915,0.6130476842643755,0.0857142857142857,False,True
2024-05-07,0.4678088799992224,0.06367603484005468,0.7142857142857143,True,False
2024-05-08,0.3354924627888587,0.5171573028656065,0.44285714285714284,True,False
2024-05-09,0.6716087119586717,0.1475119520151147,0.09999999999999999,False,True
2024-05-10,0.5328697500459052,0.737019523779537,0.6285714285714286,False,False
2024-05-11,0.3106881236288197,0.5109475765945422,0.8285714285714286,False,False
2024-05-12,0.43007177401440044,0.6795950607241357,0.04285714285714286,True,False
2024-05-13,0.3334718743452275,0.03860149785713718,0.9428571428571428,False,True
2024-05-14,0.261977433807262,0.08188528811818663,0.39999999999999997,True,False
2024-05-15,0.5874606110099279,0.7158285211494955,0.39999999999999997,False,True
2024-05-16,0.726062141176542,0.06912907658165235,0.3857142857142857,False,True
2024-05-17,0.2597547321644995,0.06829830765643052,0.6142857142857143,False,False
2024-05-18,0.5362612353816107,0.00892416394998996,0.04285714285714286,False,False
2024-05-19,0.3651853958203891,0.9569237874484322,0.11428571428571427,False,True
2024-05-20,0.3882354680376193,0.7370943993841288,0.05714285714285714,True,False
2024-05-21,0.37339637051504015,0.35136994514769415,0.7857142857142857,False,False
2024-05-22,0.33511093349682797,0.2944375163539801,0.7000000000000001,True,False
2024-05-23,0.4637425303435305,0.3478082156568787,0.19999999999999998,False,False
2024-05-24,0.33976848335794163,0.7743814310288994,0.44285714285714284,False,False
2024-05-25,0.4950274520260406,0.6606658757859398,0.3857142857142857,True,False
2024-05-26,0.4498209411594106,0.1826722878936331,0.3,False,False
2024-05-27,0.42321959234046547,0.17154371628854403,0.22857142857142856,False,False
2024-05-28,0.3289687147847147,0.09554087498264674,0.8285714285714286,True,False
2024-05-29,0.37559859722007927,0.6595939060675136,1.0,False,False
2024-05-30,0.5633858506693683,0.7640612987356958,0.8,False,False
2024-05-31,0.5275141167892808,0.26282810418684077,0.35714285714285715,False,False
2024-06-01,0.3191024060317694,0.017794396882801156,0.34285714285714286,True,False
2024-06-02,0.4709050177778872,0.0792549322604339,0.12857142857142856,False,True
2024-06-03,0.5628214154968355,0.9683258033950308,0.6285714285714286,True,False
2024-06-04,0.22157630646061519,0.29334254669023263,0.14285714285714285,False,True
2024-06-05,0.5334970617781827,0.7689303086846571,0.7428571428571429,False,False
2024-06-06,0.36349647676219443,0.6238186468934039,0.9571428571428572,False,True
2024-06-07,0.5373367122860536,0.38016773859321384,0.3857142857142857,True,False
2024-06-08,0.3493104866037492,0.2032422413880255,0.9142857142857143,True,False
2024-06-09,0.20247892249201296,0.11861944672800684,0.6857142857142857,False,False
2024-06-10,0.22747746943471983,0.6141311897809107,0.6571428571428571,False,True
2024-06-11,0.46368097390775087,0.7743616050568449,0.7285714285714286,False,False
2024-06-12,0.493514296425864,0.6431328130561615,0.7571428571428571,False,False
2024-06-13,0.329426430808451,0.5290968385849204,0.8428571428571429,True,False
2024-06-14,0.5469214037705992,0.038880883620094675,0.8,False,True
2024-06-15,0.22268784017249874,0.9689569473554605,0.6571428571428571,False,True
2024-06-16,0.4475878298245779,0.7985339807916427,0.42857142857142855,False,True
2024-06-17,0.28619276500493473,0.29070978948939996,0.6428571428571429,False,True
2024-06-18,0.3650171495732706,0.9804823479425082,0.35714285714285715,False,False
2024-06-19,0.46358423364018897,0.6009496617562917,0.05714285714285714,False,False
2024-06-20,0.3356152195111377,0.5814164153522587,0.7285714285714286,True,False
2024-06-21,0.40269414529178593,0.7476995671165239,0.7571428571428571,False,False
2024-06-22,0.598753996249269,0.8116394374328237,0.45714285714285713,False,False
2024-06-23,0.37558160554053543,0.6557551891539477,0.7000000000000001,True,False
2024-06-24,0.5747054023292314,0.12535439831291262,0.5285714285714286,True,False
2024-06-25,0.2976544732804832,0.33632881810322757,0.3714285714285714,True,False
2024-06-26,0.531586148795516,0.9283975001356681,0.19999999999999998,False,False
2024-06-27,0.6601123107669286,0.22224287968358047,0.8571428571428572,False,False
2024-06-28,0.10848928204055816,0.3703578004971997,0.2857142857142857,True,False
2024-06-29,0.34456900021073145,0.4304964594069671,0.6428571428571429,True,False
2024-06-30,0.538249238315709,0.4378525526924357,0.9714285714285714,True,False
2024-07-01,0.42828058285937054,0.6120498858369716,0.07142857142857142,False,False
2024-07-02,0.5092210049140663,0.9434469537700534,0.5285714285714286,False,False
2024-07-03,0.37176241726053016,0.23838137920423752,0.8714285714285714,False,True
2024-07-04,0.4691087786946301,0.11873484390243427,0.8714285714285714,False,False
2024-07-05,0.4349577971895682,0.19499408864323264,0.6428571428571429,False,False
2024-07-06,0.6215182024887688,0.8870815720071923,0.17142857142857143,False,False
2024-07-07,0.49276695229080325,0.6450466534484169,0.028571428571428574,True,False
2024-07-08,0.5044926123534653,0.2837681322299237,0.07142857142857142,False,False
2024-07-09,0.3988428024110522,0.815832541132971,0.09999999999999999,True,False
2024-07-10,0.38816768675948965,0.8614290722555269,0.6142857142857143,False,True
2024-07-11,0.3959274901604236,0.8465166798211627,0.45714285714285713,False,True
2024-07-12,0.5125063549068023,0.9192054218395256,0.7000000000000001,True,False
2024-07-13,0.39755896872075724,0.24997379131555442,0.14285714285714285,True,False
2024-07-14,0.49775060318204434,0.7546949305581436,0.3857142857142857,True,False
2024-07-15,0.7494599682887256,0.4590677743857039,0.9857142857142858,False,False
2024-07-16,0.579700129874589,0.8419836479296139,0.5714285714285715,False,True
2024-07-17,0.41094506461932867,0.7280422779482578,0.21428571428571427,True,False
2024-07-18,0.6262308985720195,0.7761821974313496,0.9571428571428572,False,False
2024-07-19,0.3993786910109278,0.6554372097388013,0.6714285714285715,False,True
2024-07-20,0.16960008502968185,0.17487582756759346,0.7857142857142857,False,False
2024-07-21,0.3147986181615736,0.5438778591847921,0.9,False,True
2024-07-22,0.1931879961845707,0.9851997054733663,0.8285714285714286,False,False
2024-07-23,0.40735189347824086,0.937737460539458,0.8714285714285714,False,True
2024-07-24,0.459499049413579,0.04010806484286067,0.14285714285714285,False,True
2024-07-25,0.6932203922907338,0.16221370028502324,0.24285714285714283,False,False
2024-07-26,0.5029877786812627,0.1290013001773933,0.2571428571428571,True,False
2024-07-27,0.4260173822092187,0.7255219219823137,0.7714285714285715,False,True
2024-07-28,0.5738192264174979,0.817677952960415,0.35714285714285715,True,False
2024-07-29,0.1452117565342317,0.21109622628583047,0.07142857142857142,False,False
2024-07-30,0.490115938998949,0.5045540242218036,0.04285714285714286,True,False
2024-07-31,0.5655671264815652,0.8406831753536355,0.39999999999999997,True,False
2024-08-01,0.24847496261983268,0.7323696090477818,0.8285714285714286,True,False
2024-08-02,0.6181311116495635,0.5410774916755654,0.22857142857142856,True,False
2024-08-03,0.5046185984778697,0.5893717138378511,0.6,True,False
2024-08-04,0.3983619808237182,0.5070714558501279,0.9285714285714286,False,True
2024-08-05,0.5461023181166907,0.29545425460428576,0.4714285714285714,False,True
2024-08-06,0.7769891607539339,0.5639492956864154,0.09999999999999999,False,True
2024-08-07,0.4825393514729842,0.6882856472310348,0.17142857142857143,False,False
2024-08-08,0.4918929379092355,0.8734276407607258,0.09999999999999999,True,False
2024-08-09,0.39214926685362783,0.6354908393160612,0.9142857142857143,False,True
2024-08-10,0.3371050697453084,0.7607977572902174,0.6,False,False
2024-08-11,0.5739503563179889,0.15745240498204183,0.5428571428571429,False,True
2024-08-12,0.3362255296448714,0.4600896392549094,0.8285714285714286,False,True
2024-08-13,0.4669909956766176,0.00613670354362017,0.6142857142857143,True,False
2024-08-14,0.3895701083759535,0.24439039341526403,0.11428571428571427,False,False
2024-08-15,0.5244217337199493,0.7260055671563856,0.5142857142857143,True,False
2024-08-16,0.503937134846028,0.9923671862500085,0.49999999999999994,True,False
2024-08-17,0.6031587242156917,0.09632631308544326,0.3857142857142857,False,True
2024-08-18,0.38500865398869244,0.3997970954323504,0.5857142857142857,True,False
2024-08-19,0.4188600076880099,0.7998959394595073,0.6,False,False
2024-08-20,0.318932054864171,0.20158430614400746,0.5857142857142857,True,False
2024-08-21,0.3942732648727528,0.5539743018883909,0.9285714285714286,True,False
2024-08-22,0.5100885860654598,0.732640390509522,0.7714285714285715,True,False
2024-08-23,0.5636110256176187,0.6151073859775862,0.6714285714285715,False,True
2024-08-24,0.32691040289540507,0.1855122594207026,0.3,False,False
2024-08-25,0.5794860357702236,0.35351125201435685,0.3714285714285714,False,True
2024-08-26,0.64799914809191,0.7835545839404201,0.9428571428571428,False,True
2024-08-27,0.5151822449511015,0.5531125882961578,0.17142857142857143,False,True
2024-08-28,0.7214637716686723,0.002019031420058992,0.6285714285714286,False,True
2024-08-29,0.3478261273851585,0.7606664808288892,0.12857142857142856,False,True
2024-08-30,0.28145093964639734,0.032215657021935185,0.11428571428571427,False,False
2024-08-31,0.20616680747543512,0.7453512361040411,0.7571428571428571,True,False
2024-09-01,0.667791433942894,0.20002329274581387,0.3714285714285714,False,True
2024-09-02,0.5491448602375457,0.9585018731551083,0.4714285714285714,False,True
2024-09-03,0.44906726730226787,0.3661153875411738,0.0,False,False
2024-09-04,0.4963682755540608,0.3249496359176678,0.44285714285714284,False,False
2024-09-05,0.29824903319794105,0.14622610949399784,1.0,True,False
2024-09-06,0.8016662330215889,0.30354078428378806,0.9428571428571428,False,False
2024-09-07,0.475118279896927,0.8767681959969,0.2714285714285714,True,False
2024-09-08,0.47232346869897934,0.9969088514650302,0.4857142857142857,False,True
2024-09-09,0.5592098418154112,0.366485575138658,0.22857142857142856,False,True
2024-09-10,0.5247078073490472,0.4470933509189916,0.24285714285714283,True,False
2024-09-11,0.48846235346710054,0.7215980215721898,0.6285714285714286,False,False
2024-09-12,0.34547410326732586,0.8863496677053904,0.7428571428571429,True,False
2024-09-13,0.5233628854187817,0.5920786562306091,0.9571428571428572,False,False
2024-09-14,0.7222008290099171,0.3897904069238718,0.9142857142857143,False,True
2024-09-15,0.646558802118674,0.4109671171900653,0.0,False,False
2024-09-16,0.6814850244647157,0.6950442048659737,0.8142857142857143,True,False
2024-09-17,0.38483959876257035,0.0,0.35714285714285715,True,False
2024-09-18,0.3174038470458498,0.6187250366661614,0.2714285714285714,False,True
2024-09-19,0.43917126212037383,0.35362010791637255,0.12857142857142856,False,False
2024-09-20,0.46475793569046564,0.7939998702189366,0.8285714285714286,False,False
2024-09-21,0.611144569091743,0.0901152229941189,0.5714285714285715,False,False
2024-09-22,0.21832576341096335,0.5872180968100074,0.05714285714285714,False,True
2024-09-23,0.6725145821659129,0.47957920350579664,0.9142857142857143,False,False
2024-09-24,0.43462925707523703,0.6415480561526621,0.22857142857142856,True,False
2024-09-25,0.3967277606436401,0.061870720375149846,0.3,False,False
2024-09-26,0.31423221486230013,0.5789682303607195,0.5714285714285715,False,True
2024-09-27,0.2236271397921056,0.5603983811984095,0.9571428571428572,False,False
2024-09-28,0.572940314907875,0.5595707388584616,0.9714285714285714,False,False
2024-09-29,0.4672379269224227,0.6025618724329393,0.14285714285714285,True,False
2024-09-30,0.27506438708123226,0.6758208596513715,0.7857142857142857,False,False
2024-10-01,0.2743429502097746,0.804832752733998,0.7142857142857143,True,False
2024-10-02,0.4095690893259565,0.26762062933328923,0.2857142857142857,True,False
2024-10-03,0.6921750316749733,0.8249697752974892,0.35714285714285715,False,True
2024-10-04,0.4203096250582903,0.49692800003589266,0.2571428571428571,True,False
2024-10-05,0.24501334556515955,0.07412201554248754,0.8428571428571429,True,False
2024-10-06,0.42226173804958156,0.0555439848314212,1.0,False,True
2024-10-07,0.41845845215885447,0.33228424306604,0.6571428571428571,True,False
2024-10-08,0.07673819944398816,0.7846639973718634,1.0,False,True
2024-10-09,0.44924908357027404,0.7071530617140829,0.35714285714285715,False,False
2024-10-10,0.4243492114521893,0.788396184178711,0.5571428571428572,False,True
2024-10-11,0.5550429029998522,0.5160139875757357,0.05714285714285714,True,False
2024-10-12,0.7175393676368942,0.4386495933247143,0.2857142857142857,False,True
2024-10-13,0.6157080757752513,0.14478510350603746,0.04285714285714286,True,False
2024-10-14,0.4189990329066593,0.32621558955741814,0.3142857142857143,False,False
2024-10-15,0.30092215720165216,0.43244636111145307,0.19999999999999998,False,True
2024-10-16,0.8196543701326876,0.08570824634119623,0.09999999999999999,False,False
2024-10-17,0.4652503972497576,0.2182239303059812,0.5714285714285715,True,False
2024-10-18,0.45886624873462156,0.5972794025436747,0.2571428571428571,True,False
2024-10-19,0.453501942941655,0.7352421070480402,0.6428571428571429,False,False
2024-10-20,0.4848255804527689,0.9989297136774764,0.3857142857142857,False,True
2024-10-21,0.43655306436372165,0.9334463998832843,0.9571428571428572,False,True
2024-10-22,0.37603690060330375,0.6417886451124255,0.19999999999999998,True,False
2024-10-23,0.3798151738000459,0.41962627372415473,0.5142857142857143,False,False
2024-10-24,0.4522856778545187,0.635376414712312,0.0,False,False
2024-10-25,0.38029926890473564,0.785421520365517,0.9428571428571428,False,True
2024-10-26,0.3564169684440075,0.11555757046791415,0.32857142857142857,False,True
2024-10-27,0.4719055708414047,0.4082397898175565,0.3714285714285714,False,True
2024-10-28,0.42096005284279536,0.8397789929820112,0.5571428571428572,False,False
2024-10-29,0.6689119129961298,0.38206828156098727,0.8857142857142858,False,True
2024-10-30,0.08321083013426908,0.5708257357308957,0.8571428571428572,False,True
2024-10-31,0.6107661271702615,0.5867835374261983,0.49999999999999994,True,False
2024-11-01,0.6325561421200377,0.18195022604819533,0.32857142857142857,False,True
2024-11-02,0.16462888358578512,0.3603882889280272,0.32857142857142857,False,True
2024-11-03,0.4085960281576456,0.33255825560297514,0.04285714285714286,False,False
2024-11-04,0.4045428456576833,0.02306620116278779,0.9428571428571428,False,False
2024-11-05,0.2584939311533767,0.021053599502919074,0.4714285714285714,True,False
2024-11-06,0.34725839561871674,0.8316427965550395,0.8,False,True
2024-11-07,0.30035126103704923,0.2708831314907778,0.6857142857142857,True,False
2024-11-08,0.7039101503465021,0.5168267897094108,0.7428571428571429,False,False
2024-11-09,0.5887998902856266,0.2966358723837852,0.3142857142857143,True,False
2024-11-10,0.6361464870163775,0.9410412083913753,0.9714285714285714,False,False
2024-11-11,0.5586326553859853,0.25705647635114803,0.7428571428571429,True,False
2024-11-12,0.297746816605598,0.4280671467899453,0.8714285714285714,True,False
2024-11-13,0.3829641276543757,0.8728327119553718,0.5714285714285715,False,True
2024-11-14,0.5258870194818396,0.8419184136450575,0.8,True,False
2024-11-15,0.2846264257096186,0.18358159737476587,0.8428571428571429,False,True
2024-11-16,0.5574099833673092,0.8024781045006497,0.7571428571428571,False,True
2024-11-17,0.423025435092263,0.45670617907073296,0.9857142857142858,False,True
2024-11-18,0.4040663948385532,0.48158280849601676,0.8,False,True
2024-11-19,0.5571226331692702,0.1307591870860263,0.12857142857142856,True,False
2024-11-20,0.5195279474241302,0.07767878201790213,0.5571428571428572,False,False
2024-11-21,0.4060194035803243,0.7274888020403782,0.0857142857142857,False,False
2024-11-22,0.6203267365050203,0.49512661669667213,0.5285714285714286,False,False
2024-11-23,0.30451147004894163,0.43528851061808416,0.8571428571428572,True,False
2024-11-24,0.5437275983621482,0.7290637155369926,0.028571428571428574,False,True
2024-11-25,0.5405087722077112,0.7652058901463961,0.7142857142857143,False,False
2024-11-26,0.4132677451338065,0.1562844943365853,0.6571428571428571,True,False
2024-11-27,0.5028758035398792,0.6093250862168433,0.9571428571428572,False,True
2024-11-28,0.28054046965225066,0.132640454300059,0.5285714285714286,False,False
2024-11-29,0.5871574634656365,0.7510140839206187,0.49999999999999994,False,True
2024-11-30,0.43083813185718356,0.6562335580621945,0.5714285714285715,False,False
2024-12-01,0.3832174749981827,0.9570374426378787,0.9714285714285714,False,False
2024-12-02,0.6047754825282694,0.06599081731328194,0.17142857142857143,False,False
2024-12-03,0.3576154592158953,0.05404206261881539,0.8142857142857143,False,True
2024-12-04,0.2583600712996613,0.28003421184258226,0.7000000000000001,True,False
2024-12-05,0.2374737023142823,0.25947460106825293,0.41428571428571426,False,True
2024-12-06,0.542328436079285,0.24469147343597064,0.8714285714285714,False,False
2024-12-07,0.2764079941880576,0.9064850736751597,0.34285714285714286,False,True
2024-12-08,0.7042659071799838,0.2472686792906562,0.3714285714285714,True,False
2024-12-09,0.16342516538969667,0.26975776615158686,0.7142857142857143,False,True
2024-12-10,0.6960423628735388,0.7590679013627002,0.8,True,False
2024-12-11,0.4866486293062241,0.44822687495005065,0.6571428571428571,True,False
2024-12-12,0.44326962877125886,0.7764463127234276,0.5428571428571429,False,True
2024-12-13,0.3800886238636464,0.0623852409696346,0.21428571428571427,False,False
2024-12-14,0.5131666273547604,0.48620270666140364,0.3,True,False
2024-12-15,0.45159757057887207,0.030511418424758352,0.7571428571428571,False,True
2024-12-16,0.6124288043676378,0.0596619259054092,0.2857142857142857,True,False
2024-12-17,0.4730047281934433,0.9066686449022126,0.21428571428571427,False,False
2024-12-18,0.4780898873061855,0.1365466042351806,0.8285714285714286,False,True
2024-12-19,0.4056464057186223,0.5312234784929679,0.42857142857142855,False,True
2024-12-20,0.4488754216531372,0.40943505013507386,0.5857142857142857,False,True
2024-12-21,0.5002917527403967,0.345439299538876,0.44285714285714284,False,False
2024-12-22,0.21583016630638927,0.9000393157113562,0.8285714285714286,True,False
2024-12-23,0.26685681279851725,0.018676187432886904,0.4714285714285714,False,True
2024-12-24,0.5616763590141796,0.6630941895025213,0.11428571428571427,True,False
2024-12-25,0.4809886299133881,0.9638431483327716,0.14285714285714285,True,False
2024-12-26,0.4309676497937147,0.5590769492629346,0.12857142857142856,False,False
2024-12-27,0.45950124195352904,0.9371696959937363,0.22857142857142856,False,True
2024-12-28,0.5058993003900139,0.04922690129013496,0.9571428571428572,True,False
2024-12-29,0.3808159155679025,0.41716216470826684,0.6714285714285715,False,True
2024-12-30,0.34718959975011254,0.2579207967872248,0.7285714285714286,False,True
2024-12-31,0.4845098902865296,0.7303814652941316,0.34285714285714286,False,False
2025-01-01,0.3189871631573359,0.9818141760714085,0.2857142857142857,False,True
2025-01-02,0.5144517475781973,0.25427921372890205,0.9142857142857143,False,True
2025-01-03,0.21689935007703434,0.6534423841423511,0.8857142857142858,True,False
2025-01-04,0.6019768369427557,0.19562362664417776,0.7142857142857143,False,False
2025-01-05,0.5235220516808563,0.5642587346713344,0.49999999999999994,False,True
2025-01-06,0.4929937483547798,0.46247372185590985,0.9285714285714286,True,False
2025-01-07,0.5954269833990966,0.9724869293426357,0.19999999999999998,False,False
2025-01-08,0.6916750201988713,0.6076207251294299,0.5428571428571429,False,False
2025-01-09,0.5998926002998797,0.3476106061851365,0.9857142857142858,True,False
2025-01-10,0.1974053199265254,0.11130097003507089,0.0,True,False
2025-01-11,0.2765281500805128,0.14859389623070962,0.3142857142857143,True,False
2025-01-12,0.36882565458591143,0.2229468761722393,0.5428571428571429,True,False
2025-01-13,0.46058062148658985,0.2486945656199342,0.8,True,False
2025-01-14,0.5298741161696352,0.8506340637148215,0.4714285714285714,False,True
2025-01-15,0.3545988076599317,0.560135581690741,0.5714285714285715,False,True
2025-01-16,0.4832301479525888,0.522159222286446,0.17142857142857143,False,False
2025-01-17,0.3504207523899632,0.1119766275810512,0.9857142857142858,False,True
2025-01-18,0.37070058789519333,0.8601940706311213,0.07142857142857142,False,True
2025-01-19,0.25861383501717716,0.7223442255391601,0.7285714285714286,False,True
2025-01-20,0.32675986411484403,0.06469623757928566,0.028571428571428574,True,False
2025-01-21,0.2663635531301528,0.7073078129599053,0.8857142857142858,False,False
2025-01-22,0.3193395066940833,0.542383472178597,0.6857142857142857,False,False
2025-01-23,0.6054285092458503,0.07880690599791862,0.6571428571428571,False,False
2025-01-24,0.3230714447415962,0.45682036829873507,0.7714285714285715,False,False
2025-01-25,0.8279743971013851,0.4833168206555736,0.9,False,True
2025-01-26,0.5264428892736265,0.16317708997137204,0.9142857142857143,False,True
2025-01-27,0.4829579966838513,0.9460792778019977,0.9428571428571428,True,False
2025-01-28,0.3359049834583542,0.8499909305298112,0.19999999999999998,False,False
2025-01-29,0.5556213517272188,0.668346824504632,0.44285714285714284,False,True
2025-01-30,0.3757583807720092,0.460830544638289,0.9571428571428572,False,True
2025-01-31,0.474101735138189,0.41010754766115665,0.24285714285714283,True,False
2025-02-01,0.817783032781521,0.6502290244707873,0.6,True,False
2025-02-02,0.4433617083107865,0.5442843562281401,0.4857142857142857,True,False
2025-02-03,0.6189091330744956,0.05928037671360453,0.8142857142857143,False,True
2025-02-04,0.357780001872967,0.5112293766712528,0.45714285714285713,False,True
2025-02-05,0.45197059177481946,0.8062527728061564,0.1857142857142857,True,False
2025-02-06,0.7065222444071373,0.4577631913730935,0.4714285714285714,False,False
2025-02-07,0.3685227957691347,0.04892444886669178,0.8571428571428572,True,False
2025-02-08,0.7123931112278427,0.7860504946256872,0.04285714285714286,True,False
2025-02-09,0.5566704153405723,0.19890224966573955,0.8285714285714286,True,False
2025-02-10,0.3776150275882537,0.2563779709740355,0.39999999999999997,True,False
2025-02-11,0.5460495795894241,0.1621048237630347,0.07142857142857142,False,True
2025-02-12,0.5939980947622838,0.3282456241630649,0.6857142857142857,False,False
2025-02-13,0.5445556722613842,0.7564110364904462,0.5571428571428572,True,False
2025-02-14,0.23555721674796518,0.5181388748520988,0.9142857142857143,False,False
2025-02-15,0.3544023933801086,0.20243317522033788,0.9714285714285714,False,False
2025-02-16,0.4220114460058515,0.8779520162095273,0.3714285714285714,False,False
2025-02-17,0.4464102668375993,0.8797104831630698,0.07142857142857142,True,False
2025-02-18,0.5443952740581043,0.8706726685499186,0.17142857142857143,False,True
2025-02-19,0.48195219968107783,0.23647763588980664,0.9,True,False
2025-02-20,0.2686669432625931,0.44973210337900493,0.8714285714285714,False,False
2025-02-21,0.5104970098656672,0.9855208438729244,0.2571428571428571,False,False
2025-02-22,0.5429734592950158,0.7717302897905645,0.6,False,True
2025-02-23,0.5358131399088903,0.024040621073699642,0.2714285714285714,True,False
2025-02-24,0.6092541271511205,0.06222305763310154,0.9571428571428572,False,False
2025-02-25,0.5744559016514793,0.4624726077412149,0.6142857142857143,False,True
2025-02-26,0.5216306779289328,0.909462024939397,0.3142857142857143,False,False
2025-02-27,0.44701186231896817,0.5375285821759719,0.014285714285714285,False,True
2025-02-28,0.22276665732010623,0.49648313329438043,0.3,False,True
2025-03-01,0.5174635134281692,0.10264595677838262,0.8,True,False
2025-03-02,0.4861792494657474,0.6560578379856699,0.0857142857142857,False,False
2025-03-03,0.49518561548818774,0.8220122737912794,0.7857142857142857,True,False
2025-03-04,0.27692685199503,0.3786423028699586,0.9428571428571428,False,False
2025-03-05,0.30451242680010515,0.7753434106609505,0.21428571428571427,True,False
2025-03-06,0.6053595857392918,0.9649295010901993,0.7142857142857143,False,False
2025-03-07,0.4513268556439486,0.2013141026433567,0.15714285714285714,True,False
2025-03-08,0.5529699300840539,0.5220977080736711,0.7428571428571429,False,True
2025-03-09,0.4608945947438141,0.28500400299241235,0.05714285714285714,False,False
2025-03-10,0.4610972679327435,0.7926518293030258,0.3714285714285714,False,False
2025-03-11,0.5891671602684257,0.5765686796322154,0.15714285714285714,False,True
2025-03-12,0.3841588752522598,0.6337753763433349,0.22857142857142856,True,False
2025-03-13,0.4704523071749006,0.7977308933765075,0.07142857142857142,False,False
2025-03-14,0.3917384422631054,0.39425215630281363,0.05714285714285714,False,False
2025-03-15,0.3956542959213294,0.9153543048868664,0.8,True,False
2025-03-16,0.41332051027435457,0.5318339861634209,0.3857142857142857,False,True
2025-03-17,0.48821563047106087,0.15532750861419298,0.9714285714285714,True,False
2025-03-18,0.3894162917593459,0.6953262495877841,0.8285714285714286,True,False
2025-03-19,0.6339193976415931,0.7930603148059916,0.45714285714285713,True,False
2025-03-20,0.33079509791942574,0.314740856961341,0.8714285714285714,False,False
2025-03-21,0.43056050174117044,0.8572223281738287,0.7000000000000001,False,True
2025-03-22,0.39491637208362207,0.9063733227593023,0.2571428571428571,False,True
2025-03-23,0.6608748233955472,0.27473144996902055,0.9714285714285714,True,False
2025-03-24,0.4846099074180267,0.9840470533554888,0.9285714285714286,False,False
2025-03-25,0.6023558759315056,0.13801836051880678,0.6571428571428571,True,False
2025-03-26,0.24749186022250416,0.19955662552998832,0.5428571428571429,False,False
2025-03-27,0.49454724897105484,0.18169785198591404,0.9571428571428572,False,False
2025-03-28,0.5823088266947231,0.8941733627921427,0.45714285714285713,False,False
2025-03-29,0.4685018152174403,0.6535607854555139,0.17142857142857143,False,False
2025-03-30,0.6070973252042404,0.14945462539471688,0.7571428571428571,False,True
2025-03-31,0.3839835549692042,0.4387744889075431,0.0857142857142857,False,False
2025-04-01,0.6555702772480095,0.6144173354639233,0.1857142857142857,False,False
2025-04-02,0.7809650940022872,0.08055228560326633,0.2571428571428571,True,False
2025-04-03,0.4057554629362309,0.8825558218174392,0.7571428571428571,True,False
2025-04-04,0.39410280229536654,0.8034419973131475,0.2714285714285714,False,True
2025-04-05,0.6617779237366723,0.5039056380368412,0.39999999999999997,True,False
2025-04-06,0.6795658698054676,0.9675895828301784,0.32857142857142857,False,False
2025-04-07,0.38319816196508283,0.41612588233370484,0.8857142857142858,True,False
2025-04-08,0.3976714107641576,0.9846381485206837,0.8,False,True
2025-04-09,0.41718116986306475,0.667240276073781,0.09999999999999999,True,False
2025-04-10,0.26738330161823065,0.6338645713929136,0.8714285714285714,True,False
2025-04-11,0.3274056634356537,0.163358133892328,0.39999999999999997,False,True
2025-04-12,0.3153547987107228,0.8820653456797221,0.22857142857142856,False,True
2025-04-13,0.3486707333884038,0.4258917455754012,0.9285714285714286,False,False
2025-04-14,0.4520133889499284,0.15962243175892077,0.07142857142857142,True,False
2025-04-15,0.48991861368138867,0.00942511457647277,0.8142857142857143,False,False
2025-04-16,0.6754678069765414,0.5586628740747559,0.9714285714285714,True,False
2025-04-17,0.3161705200198687,0.5261832425721762,0.3857142857142857,True,False
2025-04-18,0.5956569544732394,0.7188703281256956,0.8714285714285714,False,False
2025-04-19,0.42673794683085575,0.8904274543516915,0.5714285714285715,True,False
2025-04-20,0.4499301038214272,0.07647928938871806,0.9714285714285714,True,False
2025-04-21,0.5520281192146915,0.7310595705307923,0.5714285714285715,True,False
2025-04-22,0.2986390848179237,0.1848971286144434,0.6857142857142857,False,True
2025-04-23,0.510808807940472,0.8582239349832406,0.6857142857142857,False,False
2025-04-24,0.48036652240812994,0.8189610184362717,1.0,False,True
2025-04-25,0.5263207244842856,0.5396285285341704,0.028571428571428574,False,False
2025-04-26,0.4976651488419661,0.7097247095278814,0.12857142857142856,False,False
2025-04-27,0.8030121819739224,0.31232008315201853,0.4857142857142857,True,False
2025-04-28,0.3670041986110846,0.46973676662901465,0.014285714285714285,False,False
2025-04-29,0.3820511462913124,0.8215442302120202,0.32857142857142857,False,True
2025-04-30,0.369062199771632,0.45778860764652296,0.5285714285714286,False,True
2025-05-01,0.3786003190861521,0.35593416672474265,0.3,False,True
2025-05-02,0.36705393881449,0.49286932363481695,0.35714285714285715,False,False
2025-05-03,0.6245115028761017,0.8281818379686019,0.6,False,True
2025-05-04,0.6571429879391864,0.3332576752002352,0.7714285714285715,False,False
2025-05-05,0.37644791182565307,0.1711946460392333,0.5428571428571429,False,True
2025-05-06,0.3395703642537906,0.7115026956508226,0.39999999999999997,False,True
2025-05-07,0.5233554424023883,0.8259021249851699,0.2714285714285714,False,False
2025-05-08,0.3790590272078943,0.09779126548860306,0.5714285714285715,False,True
2025-05-09,0.546123455933711,0.23755965384244937,0.7571428571428571,True,False
2025-05-10,0.4855076020035043,0.13928363601955485,0.2714285714285714,False,False
2025-05-11,0.24323703263083105,0.34603966899049277,0.2571428571428571,False,False
2025-05-12,0.6750455780538295,0.44884034537636985,0.9285714285714286,False,False
2025-05-13,0.7100572093906956,0.7484556010098486,0.41428571428571426,True,False
2025-05-14,0.3705214382332377,0.6504038071688949,0.7428571428571429,False,False
2025-05-15,0.40225066964691647,0.6200693812947529,0.4714285714285714,False,True
2025-05-16,0.497199508339094,0.3504901359880501,0.3,False,True
2025-05-17,0.5040491569535923,0.8414305438187968,0.9428571428571428,False,True
2025-05-18,0.5497338956206184,0.4698564905886988,0.07142857142857142,False,False
2025-05-19,0.7402696284768938,0.9796136516107519,0.3714285714285714,False,True
2025-05-20,0.4319594893790494,0.6333334156325228,0.12857142857142856,False,False
2025-05-21,0.34437136991765827,0.12351640078006354,0.6714285714285715,False,True
2025-05-22,0.2624680601849737,0.6755293755381067,0.9857142857142858,True,False
2025-05-23,0.35386773525462034,0.3231150552798421,0.8285714285714286,True,False
2025-05-24,0.45223299915147464,0.6857177722896752,0.8285714285714286,True,False
2025-05-25,0.7098711634652272,0.0666765580458275,0.014285714285714285,True,False
2025-05-26,0.38393804482133087,0.17231876683956315,0.39999999999999997,False,False
2025-05-27,0.48844881066246737,0.8557748229926359,0.9571428571428572,False,True
2025-05-28,0.454587676280642,0.2248166167432606,0.9142857142857143,True,False
2025-05-29,0.6244236458473171,0.8370072875310823,0.35714285714285715,False,False
2025-05-30,0.8131097711717794,0.2771121083505035,0.12857142857142856,True,False
2025-05-31,0.38206921537823435,0.6421065651748477,0.7428571428571429,True,False
2025-06-01,0.3879092685542611,0.693571027118522,0.8285714285714286,False,False
2025-06-02,0.6040920388340276,0.5113820619428666,0.3,False,False
2025-06-03,0.553025017808624,0.3032461244458029,0.7142857142857143,False,True
2025-06-04,0.7172223716431013,0.21022592525304895,0.6714285714285715,False,True
2025-06-05,0.539215697192997,0.030085552581187835,0.2857142857142857,True,False
2025-06-06,0.4062553882586373,0.3018766387295755,0.3,True,False
2025-06-07,0.5401639134990405,0.6524267090251497,0.41428571428571426,False,True
2025-06-08,0.6131902505836975,0.9386577136285157,0.34285714285714286,False,True
2025-06-09,0.5725613463136165,0.8713011167218101,0.3857142857142857,False,False
2025-06-10,0.5284102042618902,0.7657598753482486,0.9142857142857143,False,True
2025-06-11,0.6072656808175272,0.788227922602069,0.6285714285714286,False,True
2025-06-12,0.6217315558909867,0.6642939714186193,0.9571428571428572,True,False
2025-06-13,0.6517376787662758,0.25805035630526474,0.0857142857142857,False,True
2025-06-14,0.5483475992146203,0.9074291155028027,0.6857142857142857,True,False
2025-06-15,0.4333450474277236,0.6700633295898963,0.11428571428571427,False,True
2025-06-16,0.47758409711447936,0.5593504372770293,0.49999999999999994,False,False
2025-06-17,0.6269773103590471,0.10818279113100604,0.0,False,True
2025-06-18,0.34174401870242266,0.4455323247878995,0.12857142857142856,False,True
2025-06-19,0.5088724617922802,0.4588858561988658,0.49999999999999994,False,True
2025-06-20,0.40145601877004267,0.8646348820393708,0.6428571428571429,True,False
2025-06-21,0.460954708484249,0.5455053523349058,0.44285714285714284,False,False
2025-06-22,0.6371186844719607,0.37862277001933653,0.44285714285714284,False,True
2025-06-23,0.4838408477350672,0.9773002406467195,0.07142857142857142,True,False
2025-06-24,0.46344860870096594,0.10791288838864599,0.6714285714285715,False,False
2025-06-25,0.26521165903507704,0.4209316149621529,0.5285714285714286,True,False
2025-06-26,0.5620977675985113,0.038954615877024645,0.22857142857142856,True,False
2025-06-27,0.547892890026539,0.7394993102664906,0.3714285714285714,False,False
2025-06-28,0.7618442281055626,0.9183521942625246,0.7571428571428571,False,True
2025-06-29,0.4135169986793994,0.2778762566778039,0.7000000000000001,True,False
2025-06-30,0.4877950716239332,0.8583891873340181,0.4857142857142857,True,False
2025-07-01,0.49205689302653577,0.2901036772734762,0.34285714285714286,False,True
2025-07-02,0.679267185520652,0.9110179001076941,0.3857142857142857,False,True
2025-07-03,0.4434694567550612,0.7536107807195709,0.19999999999999998,False,False
2025-07-04,0.49623476826542423,0.8047502158800832,0.04285714285714286,False,False
2025-07-05,0.5425943733053711,0.014844769483306264,0.3714285714285714,False,False
2025-07-06,0.4832079261670371,0.9632568405631554,0.35714285714285715,False,True
2025-07-07,0.39397155147731955,0.7262156433565554,0.2571428571428571,True,False
2025-07-08,0.4842624611226324,0.3026844060563405,0.22857142857142856,True,False
2025-07-09,0.6082463773804428,0.8293316247977223,0.6,False,False
2025-07-10,0.31220079020397073,0.2793657925377784,0.5714285714285715,False,True
2025-07-11,0.4756466831658158,0.872856391125195,0.5857142857142857,True,False
2025-07-12,0.35821073357445554,0.10977978816509859,0.7000000000000001,False,False
2025-07-13,0.6253615309013636,0.7031428474219679,0.5571428571428572,True,False
2025-07-14,0.2421878655863838,0.5395328863191107,0.5428571428571429,True,False
2025-07-15,0.37811473568058185,0.09367258749425633,0.3142857142857143,False,True
2025-07-16,0.5100760941011324,0.23958708277542407,0.7285714285714286,False,True
2025-07-17,0.6775855880445615,0.009220853760024239,0.6571428571428571,True,False
2025-07-18,0.44763428283115325,0.4673276676525049,0.8857142857142858,False,False
2025-07-19,0.3786394496912847,0.29918525879205515,0.9714285714285714,False,True
2025-07-20,0.7220785528360493,0.5974120976211375,0.6,True,False
2025-07-21,0.2527845693864972,0.2951424246251291,0.6714285714285715,False,True
2025-07-22,0.1469497540560815,0.29783396850401433,0.4714285714285714,False,True
2025-07-23,0.5189290099934802,0.7428009494423211,0.5571428571428572,False,True
2025-07-24,0.3861310356935853,0.045096142353809876,0.8571428571428572,True,False
2025-07-25,0.3129454311894567,0.9031126578625606,0.7000000000000001,False,False
2025-07-26,0.5567556298801151,0.8522881733876964,0.9428571428571428,False,False
2025-07-27,0.4912698940330519,0.6671245200985734,0.8714285714285714,False,False
2025-07-28,0.37738781373032637,0.592256569027175,0.8142857142857143,False,True
2025-07-29,0.27642560820638074,0.8924797073477091,0.45714285714285713,True,False
2025-07-30,0.5798879822946768,0.18280741364591657,0.21428571428571427,False,True
2025-07-31,0.5485578177957905,0.07604019639059323,0.6714285714285715,False,False
2025-08-01,0.44292246887346964,0.23719432107370242,0.12857142857142856,False,False
2025-08-02,0.7172124576735551,0.7943822725060117,0.5285714285714286,True,False
2025-08-03,0.3060590543572723,0.03157212044893987,0.2571428571428571,False,True
2025-08-04,0.24185825372757755,0.5818020594259707,0.49999999999999994,False,False
2025-08-05,0.359368436761882,0.9960086050073851,0.8285714285714286,True,False
2025-08-06,0.4504767198259493,0.8557335007122098,0.8857142857142858,False,True
2025-08-07,0.49120487225062504,0.5202065710200503,0.6428571428571429,False,True
2025-08-08,0.4228970646597432,0.06065340385205609,0.028571428571428574,False,False
2025-08-09,0.5065299307663892,0.8313180316847397,0.9142857142857143,False,False
2025-08-10,0.2804804403492718,0.5980354932327789,0.09999999999999999,False,True
2025-08-11,0.6604218658525381,0.11214137957660086,0.7142857142857143,False,True
2025-08-12,0.44532234034131957,0.09098517777020221,0.07142857142857142,False,False
2025-08-13,0.6144014505303351,0.909870191399168,0.5428571428571429,False,True
2025-08-14,0.5052147275419139,0.6685254296235343,0.8428571428571429,False,False
2025-08-15,0.5212885774955155,0.8292233473098316,0.3857142857142857,False,True
2025-08-16,0.5372195162756237,0.8791052257691536,0.7571428571428571,False,False
2025-08-17,0.5200136041902906,0.5707254349539306,0.5142857142857143,True,False
2025-08-18,0.5475036284352385,0.5161919599919584,0.11428571428571427,False,False
2025-08-19,0.6442656644384009,0.4288406873362747,0.7857142857142857,False,False
2025-08-20,0.4846051700603098,0.31492647387149075,0.8285714285714286,True,False
2025-08-21,0.5568468774690427,0.43302515785038076,0.014285714285714285,False,True
2025-08-22,0.44425319498682503,0.7736046000951962,0.8571428571428572,True,False
2025-08-23,0.659907714566244,0.6009916629301562,0.8142857142857143,False,False
2025-08-24,0.3615556048446812,0.8927013423817753,0.8428571428571429,False,True
2025-08-25,0.7107708773706461,0.4418427582652369,0.5571428571428572,True,False
2025-08-26,0.4512418828659609,0.606177540501198,0.49999999999999994,False,True
2025-08-27,0.25521462311353416,0.6304880049562047,0.5142857142857143,False,True
2025-08-28,0.47496085570063284,0.590726339409642,0.24285714285714283,True,False
2025-08-29,0.36089880245060246,0.7020866246070279,0.8857142857142858,False,True
2025-08-30,0.5754033777647696,0.23510968847538116,0.3,True,False
2025-08-31,0.36490608788309664,0.5110899750881146,0.14285714285714285,False,False
2025-09-01,0.39400681809375393,0.1013922900074391,0.8142857142857143,False,True
2025-09-02,0.1905450848496442,0.3827492480354713,0.8,False,False
2025-09-03,0.3931437102500116,0.48629894776219285,0.04285714285714286,False,False
2025-09-04,0.11522246238610093,0.6514845937260398,0.0857142857142857,False,True
2025-09-05,0.233629093566435,0.9509306405811571,0.8571428571428572,True,False
2025-09-06,0.5640939745975518,0.5997144392174436,0.7571428571428571,False,True
2025-09-07,0.567672422115275,0.7432031972542965,0.9571428571428572,False,False
2025-09-08,0.5168770096174269,0.5049689694399586,0.0,False,False
2025-09-09,0.320593680829211,0.6332951631802157,0.7714285714285715,True,False
2025-09-10,0.4501771229642644,0.06797255669308111,0.028571428571428574,False,True
2025-09-11,0.45639488788133453,0.2521325651206556,0.5285714285714286,False,False
2025-09-12,0.2936147440362651,0.36000448026630316,0.0,False,False
2025-09-13,0.6688280834340269,0.47106728470908754,0.5285714285714286,False,False
2025-09-14,0.580579406470599,0.04259252677765968,0.39999999999999997,True,False
2025-09-15,0.4257546749456188,0.13732830467981927,0.05714285714285714,False,False
2025-09-16,0.4606926582662203,0.27464092598057843,0.2857142857142857,False,False
2025-09-17,0.4862772366237704,0.9720124855728776,1.0,False,True
2025-09-18,0.1690911572256906,0.3293818893585434,0.9428571428571428,False,True
2025-09-19,0.4220595504726058,0.48065145113844077,0.6571428571428571,False,False
2025-09-20,0.3607673405565184,0.19361606879303261,0.4857142857142857,False,False
2025-09-21,0.3157101352306888,0.6098821270980781,0.9571428571428572,False,True
2025-09-22,0.41727763392950756,0.2785246093254665,0.9714285714285714,True,False
2025-09-23,0.7103121930461999,0.20455254272189505,0.0,True,False
2025-09-24,0.5472386299984764,0.515314899874497,0.9571428571428572,True,False
2025-09-25,0.3763869171675419,0.0022962718091161793,0.15714285714285714,True,False
2025-09-26,0.5376164011907665,0.004462747737556061,0.8428571428571429,True,False
