date,temperature,humidity,transportation_time,packaging
2023-01-01,24.483570765056164,46.69930329036279,62,Glass
2023-01-02,21.308678494144075,44.18271361337601,8,Cardboard
2023-01-03,25.23844269050346,65.45720998174546,43,Glass
2023-01-04,29.61514928204013,68.25902905947605,20,Plastic
2023-01-05,20.829233126383322,41.26344579302568,39,Plastic
2023-01-06,20.8293152152541,77.4484898497476,49,Plastic
2023-01-07,29.896064077536955,42.0788513460589,64,Glass
2023-01-08,25.837173645764544,61.65185341204282,62,Cardboard
2023-01-09,19.65262807032524,68.36242077803666,54,Plastic
2023-01-10,24.712800217929825,74.83876494984342,9,Plastic
2023-01-11,19.682911535937688,68.56347728529711,37,Glass
2023-01-12,19.671351232148716,72.06912332279168,49,Cardboard
2023-01-13,23.20981135783017,53.57800770171224,41,Glass
2023-01-14,12.43359877671101,72.5930045498605,17,Plastic
2023-01-15,13.375410837434837,43.204593855387,21,Cardboard
2023-01-16,19.188562353795135,75.7926662424211,51,Cardboard
2023-01-17,16.93584439832788,61.90369504614945,59,Plastic
2023-01-18,23.571236662976368,72.69191079849975,39,Cardboard
2023-01-19,17.459879622393945,58.092731380732005,55,Cardboard
2023-01-20,14.938481493323543,65.743107807861,41,Glass
2023-01-21,29.32824384460777,61.05610643744453,39,Plastic
2023-01-22,20.871118497567323,69.26358087021327,13,Plastic
2023-01-23,22.33764102343962,43.26519928122358,64,Plastic
2023-01-24,14.876259068932717,42.41408335962255,11,Plastic
2023-01-25,19.278086377374088,49.88412936040586,19,Plastic
2023-01-26,22.55461294854933,46.381787204527534,11,Cardboard
2023-01-27,16.245032112888488,74.87134266368807,46,Glass
2023-01-28,23.87849009172836,48.76855949432177,45,Plastic
2023-01-29,18.996806550405974,79.03461023276526,1,Glass
2023-01-30,20.541531251033618,53.47583167084427,40,Glass
2023-01-31,18.991466938853016,47.28471662754797,19,Cardboard
2023-02-01,31.261390922544688,71.58794028569916,61,Plastic
2023-02-02,21.93251387631033,66.34831102003504,12,Cardboard
2023-02-03,16.711445355220498,59.92782865812556,61,Plastic
2023-02-04,26.112724560515943,62.214542037505254,33,Cardboard
2023-02-05,15.895781750144888,68.76807113089055,45,Glass
2023-02-06,23.044317975023777,49.13818965325195,69,Plastic
2023-02-07,12.201649380601122,79.85335664226967,8,Glass
2023-02-08,15.359069755507846,78.99172648587133,25,Glass
2023-02-09,22.984306179345616,66.01302745387747,46,Cardboard
2023-02-10,25.692332899977053,47.981698037165806,30,Plastic
2023-02-11,22.85684140594985,67.20912969725165,47,Glass
2023-02-12,21.421758588058797,42.887936359167036,49,Cardboard
2023-02-13,20.494481522053555,41.22610008823224,47,Plastic
2023-02-14,14.607390048162863,50.30731554044855,18,Plastic
2023-02-15,18.400778958026457,58.504918269572656,66,Glass
2023-02-16,19.696806145201062,74.73090021633521,68,Plastic
2023-02-17,27.285611131094576,69.08676279065233,33,Glass
2023-02-18,23.71809144784231,69.70826084799924,36,Plastic
2023-02-19,13.18479922318633,57.01973337792302,19,Cardboard
2023-02-20,23.620419846973974,53.83739970187852,28,Glass
2023-02-21,20.074588597918417,54.84155051938411,40,Glass
2023-02-22,18.615389998470206,79.50598254944231,15,Plastic
2023-02-23,25.05838144420434,41.6043676564993,41,Plastic
2023-02-24,27.154997612479754,74.68125984489794,39,Glass
2023-02-25,26.656400595580994,63.14701634289574,2,Plastic
2023-02-26,17.803912383886807,57.54461676758362,63,Cardboard
2023-02-27,20.453938120743928,69.01030641660546,29,Plastic
2023-02-28,23.65631715701782,59.466757656988115,66,Cardboard
2023-03-01,26.877725635611796,74.93692952326643,51,Cardboard
2023-03-02,19.60412881077355,76.02807456045034,10,Cardboard
2023-03-03,21.071705116680914,56.86883707493821,14,Cardboard
2023-03-04,16.46832512996986,51.073111889402064,51,Cardboard
2023-03-05,16.018966879596647,63.69401314373449,39,Plastic
2023-03-06,26.062629111970992,76.49453382466764,28,Cardboard
2023-03-07,28.781200142854114,48.42648756022666,3,Plastic
2023-03-08,21.63994939209833,64.9186633425393,70,Cardboard
2023-03-09,27.01766448946012,65.26240880370082,27,Glass
2023-03-10,23.80818012523817,69.32452089661123,2,Cardboard
2023-03-11,18.77440122697438,45.262707405090396,38,Glass
2023-03-12,23.80697802754207,68.63299858728354,3,Cardboard
2023-03-13,29.690182832329846,76.36130082662564,16,Cardboard
2023-03-14,21.820869804450243,47.187324354809675,40,Cardboard
2023-03-15,29.82321827907003,49.501732996955106,2,Glass
2023-03-16,8.901274479551278,78.85580376166558,41,Glass
2023-03-17,26.10951252187612,47.23907810837959,12,Cardboard
2023-03-18,22.435235341190857,74.17540373478317,35,Plastic
2023-03-19,20.504963247670663,59.69111425792139,65,Cardboard
2023-03-20,22.45880388267751,49.88924297612708,55,Glass
2023-03-21,12.062155426995536,74.82999605090046,45,Cardboard
2023-03-22,20.90164056081244,57.81221020010662,62,Glass
2023-03-23,23.78556285755873,60.59269415718761,49,Glass
2023-03-24,29.38947022370758,54.36933477599062,25,Glass
2023-03-25,19.40864890863176,63.7180340573971,23,Cardboard
2023-03-26,17.95753198553406,46.54095490340091,24,Glass
2023-03-27,19.491214782077318,55.64326146607043,38,Glass
2023-03-28,26.57701058851037,78.7764928934115,28,Cardboard
2023-03-29,23.643755548298422,50.3253373080451,21,Glass
2023-03-30,19.351198981164806,66.26946658165168,54,Cardboard
2023-03-31,24.56633716556678,53.00760256898779,18,Glass
2023-04-01,22.4853877467402,70.93892502746402,36,Plastic
2023-04-02,26.843224952664446,45.23494642873399,45,Plastic
2023-04-03,18.489734530613237,78.79284180314178,53,Glass
2023-04-04,20.361689267011158,58.151581655345566,30,Plastic
2023-04-05,20.039459234339212,49.44201853385856,60,Cardboard
2023-04-06,14.682425259339407,42.93986989320051,32,Plastic
2023-04-07,23.48060138532288,46.79031620350163,67,Glass
2023-04-08,23.305276360899448,60.79095794224071,67,Glass
2023-04-09,22.025567283212304,53.48012705725145,28,Cardboard
2023-04-10,20.827064333124266,73.15533463530437,44,Glass
2023-04-11,14.92314628974793,57.235500946472236,41,Cardboard
2023-04-12,19.896773386173205,49.9485709035052,63,Plastic
2023-04-13,20.286427417366152,64.6857994641612,23,Plastic
2023-04-14,17.988613653891903,68.27108867541783,48,Cardboard
2023-04-15,21.193571441669953,46.68167631603799,32,Cardboard
2023-04-16,24.020254284072692,46.7047686515327,57,Glass
2023-04-17,31.43092950605265,41.46685707734172,33,Plastic
2023-04-18,22.872889064159196,69.45608060262562,24,Cardboard
2023-04-19,23.28775195361382,66.5521811048722,39,Plastic
2023-04-20,21.627770421169163,58.98523502999255,34,Cardboard
2023-04-21,12.406143923504793,73.76681795876789,56,Plastic
2023-04-22,21.867430622753915,72.22680611800213,28,Glass
2023-04-23,22.301151049705133,63.414174575870085,37,Plastic
2023-04-24,34.316210562426434,74.73085122053035,7,Plastic
2023-04-25,21.038195176094387,48.23364840147073,68,Plastic
2023-04-26,23.507736711668063,44.47678477590912,37,Plastic
2023-04-27,21.826441151473784,50.789984460679584,56,Plastic
2023-04-28,16.15660981190234,42.28347424357259,65,Glass
2023-04-29,27.714114072575104,61.24678112004128,65,Cardboard
2023-04-30,25.759665163433873,77.46422769179846,47,Plastic
2023-05-01,25.955159735215233,41.573741626740386,20,Glass
2023-05-02,17.453062726026303,44.88439656040107,19,Plastic
2023-05-03,29.013971554680495,58.08796113133741,29,Plastic
2023-05-04,14.990744686038596,77.3550007011162,60,Cardboard
2023-05-05,24.934285469001352,52.64624419907002,18,Plastic
2023-05-06,32.952278129049894,60.289392347535696,35,Glass
2023-05-07,17.04731837434656,41.662914362015684,43,Glass
2023-05-08,19.16851135198614,45.93372803848355,11,Cardboard
2023-05-09,22.498256825438204,79.46520491835388,49,Plastic
2023-05-10,19.482621729419005,78.60474785744182,38,Glass
2023-05-11,14.246682844669337,40.19759923737639,64,Plastic
2023-05-12,22.342814874030136,78.07247141692956,69,Plastic
2023-05-13,16.688481431369475,65.56479751262002,8,Plastic
2023-05-14,24.36796215317591,74.71673178080088,34,Cardboard
2023-05-15,17.402878828830985,58.18959422535436,48,Plastic
2023-05-16,29.749672025087698,60.62384114317001,56,Glass
2023-05-17,18.083733538318814,59.55386321027681,65,Plastic
2023-05-18,20.38969241897162,66.67457030184417,31,Glass
2023-05-19,26.067586086848348,45.586050190252514,4,Plastic
2023-05-20,15.845678417830225,41.19894359490712,50,Glass
2023-05-21,23.137299673020646,52.31719766364763,69,Glass
2023-05-22,28.53571377141214,68.18723050946588,30,Plastic
2023-05-23,13.962583827193862,48.074138084917934,59,Plastic
2023-05-24,22.92316929266152,66.93729733299669,67,Glass
2023-05-25,23.299413971242117,78.79648184429081,45,Cardboard
2023-05-26,25.90911435888655,43.75602863157673,4,Plastic
2023-05-27,15.81524644560959,66.90408472900505,26,Cardboard
2023-05-28,15.397716934578618,57.750008772182845,27,Plastic
2023-05-29,24.60970782808449,74.72569017510021,46,Plastic
2023-05-30,23.48492336616593,47.085991577895435,64,Plastic
2023-05-31,23.252464251729382,67.70503808904658,51,Plastic
2023-06-01,23.732241047484877,73.52461158592442,50,Cardboard
2023-06-02,18.599876392107547,77.78456877896093,6,Plastic
2023-06-03,23.161268485805017,67.32992113158583,59,Glass
2023-06-04,23.465362366493405,59.8869905603371,15,Glass
2023-06-05,18.42824290986816,64.71388960804856,30,Cardboard
2023-06-06,31.328872555723784,74.75619937914873,42,Plastic
2023-06-07,24.36916460455894,62.82438986555319,37,Glass
2023-06-08,16.043482513986756,41.21548238787347,42,Cardboard
2023-06-09,25.28276804316915,77.23794782027912,35,Plastic
2023-06-10,17.126591648863393,67.58107004126245,6,Glass
2023-06-11,25.93542301871226,67.06053543108986,68,Glass
2023-06-12,27.79297789503702,48.62700609590868,18,Cardboard
2023-06-13,17.89658840824145,66.35541880930629,29,Plastic
2023-06-14,26.81688064622161,55.754576226166336,59,Plastic
2023-06-15,24.06390463468249,66.04931908165969,47,Glass
2023-06-16,26.11030079997245,44.26372121231963,17,Glass
2023-06-17,31.483964913269737,66.31381218412145,22,Glass
2023-06-18,20.773059419985646,79.97654903082666,68,Plastic
2023-06-19,18.23131917821255,41.92848155442224,69,Cardboard
2023-06-20,17.552427851872384,79.0869673688527,37,Cardboard
2023-06-21,17.920948575172808,56.27631842891482,49,Plastic
2023-06-22,21.614491452929478,74.83013801349037,13,Cardboard
2023-06-23,23.70575987408322,71.29541936233093,34,Glass
2023-06-24,23.383453996650097,62.68065043946671,53,Cardboard
2023-06-25,26.13591624518012,69.53796837005306,51,Cardboard
2023-06-26,22.065009459389536,75.14062245205392,3,Cardboard
2023-06-27,29.267670385786584,56.165612866041315,42,Glass
2023-06-28,20.67671583381022,53.081326462529546,32,Plastic
2023-06-29,35.600845832948096,66.70373542254339,51,Glass
2023-06-30,25.12833673882503,72.31383767765034,46,Plastic
2023-07-01,17.714212217918586,70.49140539106463,21,Plastic
2023-07-02,16.64553750969444,71.91254595434538,44,Plastic
2023-07-03,24.412362076215928,57.42333259251732,11,Cardboard
2023-07-04,20.882686073370746,72.71336864700086,68,Cardboard
2023-07-05,25.57000247046046,44.808362214824335,1,Plastic
2023-07-06,24.366188122867726,61.77956391843398,63,Plastic
2023-07-07,21.635855436715637,40.230346419924864,24,Cardboard
2023-07-08,17.766031409657977,52.98343319601081,13,Glass
2023-07-09,14.425763876570677,54.65846139485592,11,Plastic
2023-07-10,19.767425239664895,55.846907664370214,51,Glass
2023-07-11,26.28199397161736,67.8186882675945,17,Cardboard
2023-07-12,23.07046872065102,55.54232405081383,24,Plastic
2023-07-13,15.77130610644006,57.94774490490123,19,Glass
2023-07-14,22.86590462925591,49.5017652349731,37,Glass
2023-07-15,23.926586898644185,54.9300716651736,8,Glass
2023-07-16,17.580712818994336,49.090785090526055,28,Cardboard
2023-07-17,22.76862552972764,42.92783695073774,5,Cardboard
2023-07-18,22.29104359223,64.13794373525512,17,Glass
2023-07-19,16.285148510846884,66.72851194220065,36,Glass
2023-07-20,23.788936801741418,64.77961384038458,19,Cardboard
2023-07-21,24.80392263184117,58.5397617520229,64,Glass
2023-07-22,27.415256215876383,55.19143120716919,11,Glass
2023-07-23,27.269010260174515,74.53334598287302,54,Cardboard
2023-07-24,15.111653160214544,60.76327140544872,45,Glass
2023-07-25,17.310874800424386,59.16727510518924,47,Glass
2023-07-26,24.5751763360433,41.02568263225743,12,Glass
2023-07-27,24.568929754561044,53.64991310504625,21,Cardboard
2023-07-28,24.575238431530238,55.20782475143428,11,Glass
2023-07-29,41.26365745327361,55.952911235876016,5,Cardboard
2023-07-30,24.854452553465833,63.206894769093296,56,Cardboard
2023-07-31,27.677828200902994,61.34410186907514,20,Plastic
2023-08-01,26.770008817466014,64.31620371173778,41,Plastic
2023-08-02,25.25695625652899,70.59533046168514,46,Glass
2023-08-03,20.42365377679827,72.51942954864374,12,Cardboard
2023-08-04,25.794846102466337,68.72492304905978,70,Plastic
2023-08-05,18.13587392731214,78.22094783819739,17,Glass
2023-08-06,20.815906966299956,40.729303307054465,19,Plastic
2023-08-07,19.573182260854484,47.83111942734185,26,Plastic
2023-08-08,22.409370696931614,40.302514999125684,48,Cardboard
2023-08-09,33.573292833367546,65.89898856618412,52,Cardboard
2023-08-10,12.66367403704126,75.92122195799948,70,Plastic
2023-08-11,25.43130095187257,49.739291863051974,55,Plastic
2023-08-12,13.936420644051742,77.08138179185227,33,Cardboard
2023-08-13,19.640340671052833,42.41069561158243,62,Glass
2023-08-14,27.444752984836832,77.37744107222056,23,Cardboard
2023-08-15,22.321400095477316,54.06490748958538,15,Plastic
2023-08-16,16.61127611035347,44.05683313796866,27,Glass
2023-08-17,18.42348145370016,59.43487036745303,64,Plastic
2023-08-18,25.39798874467338,50.27106270882032,51,Glass
2023-08-19,18.34816684141432,51.39491607847691,53,Plastic
2023-08-20,23.082292947909874,52.29159859705146,51,Glass
2023-08-21,22.22785919951907,72.12103591330654,47,Glass
2023-08-22,18.741998261970913,61.56645106701018,4,Plastic
2023-08-23,32.719720446626624,52.45230796624014,7,Glass
2023-08-24,25.169595111590056,64.41335133243673,35,Cardboard
2023-08-25,11.874287066711965,68.64602696892774,48,Plastic
2023-08-26,22.93227157384714,50.90496002934135,45,Cardboard
2023-08-27,18.69106767615806,56.541964061014056,19,Plastic
2023-08-28,26.26216667398112,44.8754437334779,63,Glass
2023-08-29,18.037396307836495,47.24597398138721,38,Glass
2023-08-30,21.426317792665504,67.24471415859931,67,Glass
2023-08-31,24.524936394902287,47.25753390782508,59,Plastic
2023-09-01,26.328775970850607,61.006535346682405,69,Cardboard
2023-09-02,15.998517964721119,68.3618504688973,13,Cardboard
2023-09-03,20.327493820795258,44.275076923789754,47,Plastic
2023-09-04,19.62527344419522,62.692488785156144,61,Plastic
2023-09-05,18.73335383713144,50.26251134805455,31,Cardboard
2023-09-06,30.827271201405484,78.5170750095032,22,Cardboard
2023-09-07,24.024908554804778,59.34182586879699,43,Cardboard
2023-09-08,15.695580228324774,72.23970199100633,67,Cardboard
2023-09-09,26.58930973527388,62.00906168625047,54,Plastic
2023-09-10,32.610780985063165,41.736501314192765,10,Plastic
2023-09-11,27.162326302755734,65.32605502376089,42,Glass
2023-09-12,14.403150170229933,78.05613368826627,64,Cardboard
2023-09-13,19.578829635668743,64.06447280585326,21,Glass
2023-09-14,28.334555745933113,72.7675543770716,66,Plastic
2023-09-15,18.461652671906094,75.36825853393631,41,Plastic
2023-09-16,24.219097140731144,49.1231908779573,24,Glass
2023-09-17,25.873170267146683,48.48179359632907,35,Cardboard
2023-09-18,17.365347642109583,64.43923955403967,56,Cardboard
2023-09-19,21.702373219691,56.44113879226819,30,Cardboard
2023-09-20,5.793663299654636,73.59445211466881,57,Cardboard
2023-09-21,16.878061793328552,76.00092493592044,47,Glass
2023-09-22,20.7371592430342,54.136855172108724,35,Glass
2023-09-23,15.761084090175753,49.47482235897928,19,Plastic
2023-09-24,30.162056519658176,71.22102060975448,8,Cardboard
2023-09-25,14.849293110196836,50.99224142192544,26,Cardboard
2023-09-26,19.799777566515083,72.90457274054714,71,Cardboard
2023-09-27,22.653702886430455,56.94953014595051,30,Glass
2023-09-28,29.206366445330577,66.70199597165882,7,Cardboard
2023-09-29,14.820689244102804,43.82141255338673,67,Glass
2023-09-30,27.815818760774796,64.95437298706292,65,Cardboard
2023-10-01,22.051165305097935,58.07070714948917,36,Cardboard
2023-10-02,17.092456744760245,63.46433852701897,25,Plastic
2023-10-03,24.310517371316354,46.72056830979454,37,Cardboard
2023-10-04,22.99529847786735,69.47494979776728,1,Cardboard
2023-10-05,18.998915614206027,74.51188310172914,15,Plastic
2023-10-06,22.349010424950094,48.669592003631024,37,Glass
2023-10-07,20.0734320156912,43.82858222080647,13,Glass
2023-10-08,22.56758672625624,40.94554344185346,8,Cardboard
2023-10-09,25.310653372605234,65.67886001773064,5,Glass
2023-10-10,29.93008408072676,64.28376144355123,60,Cardboard
2023-10-11,15.810922505865754,61.8678965085628,1,Plastic
2023-10-12,32.665166873281336,49.27788384463902,36,Plastic
2023-10-13,12.239561002387491,55.63623983622058,35,Cardboard
2023-10-14,21.241074524822082,63.77905340744692,66,Plastic
2023-10-15,24.941586032422883,59.87067435436678,63,Plastic
2023-10-16,23.404959338675162,79.51142080859549,23,Cardboard
2023-10-17,18.88650240089703,45.45759010226932,9,Cardboard
2023-10-18,20.959388748213623,67.80578216190375,34,Plastic
2023-10-19,19.534995326705836,56.172750724171685,46,Glass
2023-10-20,19.053176215278942,57.12798459702459,4,Glass
2023-10-21,26.248010485105123,68.70391062632706,30,Cardboard
2023-10-22,23.785077429825236,67.69744605297478,3,Cardboard
2023-10-23,18.535452023696728,79.65023974808753,14,Glass
2023-10-24,26.497999377166252,45.135771578165006,60,Plastic
2023-10-25,23.536497604383047,44.164385975366656,45,Glass
2023-10-26,26.0643105941948,68.97355268514964,34,Glass
2023-10-27,25.14814420961806,63.13547668025636,45,Glass
2023-10-28,17.855024945389637,50.96642666239224,61,Glass
2023-10-29,19.199094799015153,43.176774759559464,16,Cardboard
2023-10-30,25.736468025616308,43.42632998385722,66,Cardboard
2023-10-31,25.051851327167324,75.76763498656473,40,Plastic
2023-11-01,21.89549203017926,47.67469298874972,17,Plastic
2023-11-02,22.58663691654391,52.93486248462083,34,Plastic
2023-11-03,28.388324478942124,49.066256089079516,16,Plastic
2023-11-04,19.04214305582085,54.1998522332775,60,Glass
2023-11-05,24.735486905850188,42.77695370984374,66,Cardboard
2023-11-06,20.98903673783053,60.76239163633082,66,Cardboard
2023-11-07,20.9115939838639,42.7045025436886,13,Plastic
2023-11-08,27.49388425993595,72.01426031289446,56,Plastic
2023-11-09,26.12708174494015,49.34848327641732,31,Glass
2023-11-10,26.067548180003193,61.60047658418043,34,Glass
2023-11-11,28.527394035771646,75.20316350245832,39,Plastic
2023-11-12,22.105019208163796,66.03509476188776,67,Cardboard
2023-11-13,25.40976485647482,61.318311462053416,8,Cardboard
2023-11-14,20.44866621703272,52.973350124615024,55,Cardboard
2023-11-15,23.62083176244221,53.320076522327916,27,Plastic
2023-11-16,21.349284728161578,66.77947820792761,53,Cardboard
2023-11-17,22.48497982496359,79.7655744488467,39,Glass
2023-11-18,24.97578512718457,66.47356759397515,65,Glass
2023-11-19,17.908896583832636,62.311336694801,17,Plastic
2023-11-20,32.4619363784273,69.22602040956984,30,Glass
2023-11-21,16.96991309250149,58.60822449134872,53,Plastic
2023-11-22,15.92905693606134,42.40569370403141,13,Cardboard
2023-11-23,27.790554367500338,62.491872635116394,21,Cardboard
2023-11-24,25.95831346981468,78.3050113802152,19,Cardboard
2023-11-25,25.120599085260775,47.01211769430638,53,Glass
2023-11-26,25.1417275463214,67.60019563282663,19,Plastic
2023-11-27,21.938766135765427,48.037347546362255,57,Cardboard
2023-11-28,17.51372814257084,61.43310737892325,25,Plastic
2023-11-29,22.37902279096863,43.86705798586878,31,Cardboard
2023-11-30,18.61419144243944,58.014837450327406,55,Glass
2023-12-01,26.875598667088756,70.24653315580984,23,Glass
2023-12-02,21.264713092489306,53.902860969559285,32,Plastic
2023-12-03,17.872514016037442,66.59646897948872,62,Glass
2023-12-04,20.393070791735035,71.81799843158916,10,Glass
2023-12-05,24.06465727137812,77.08711277917811,54,Plastic
2023-12-06,19.181377235980126,49.38568327421814,52,Cardboard
2023-12-07,17.888898022167844,55.97263663237233,20,Glass
2023-12-08,23.218436057459563,46.0966405332167,32,Plastic
2023-12-09,23.224832855543614,79.69934008633501,14,Glass
2023-12-10,19.46528412314435,77.08003871697181,50,Glass
2023-12-11,19.644808471908387,61.59828521122238,28,Glass
2023-12-12,23.16024968678818,73.68133177505685,53,Glass
2023-12-13,14.759578292513378,60.83831909088168,24,Plastic
2023-12-14,14.962681128117223,64.94342752011039,22,Plastic
2023-12-15,18.40777889373782,43.56497728464066,30,Plastic
2023-12-16,20.932764241440765,70.21081681987232,63,Glass
2023-12-17,23.554537827990025,45.10853934540939,4,Glass
2023-12-18,29.376781084747762,73.04270521010113,59,Glass
2023-12-19,26.288298116010097,71.28112350681543,8,Plastic
2023-12-20,21.200307350182864,68.34978790971905,12,Glass
2023-12-21,21.904918960486555,41.44641522099049,31,Cardboard
2023-12-22,16.987353176810956,52.12513423781314,34,Glass
2023-12-23,21.90743432003805,50.524502796433715,49,Cardboard
2023-12-24,20.55670680539931,54.40545629886076,57,Glass
2023-12-25,23.613592801690448,43.505709870553545,26,Plastic
2023-12-26,17.863845282238387,77.47831292124252,18,Glass
2023-12-27,24.596732571205862,62.15208962849505,38,Cardboard
2023-12-28,29.66369456501289,52.22097242632094,50,Cardboard
2023-12-29,21.456199257715713,55.879260682971335,8,Glass
2023-12-30,24.008558610494706,57.888101620193424,41,Cardboard
2023-12-31,25.450719958555563,64.02377333442469,6,Cardboard
2024-01-01,19.993897640570818,60.62717710785991,69,Plastic
2024-01-02,23.120462409052084,76.7756789285767,44,Glass
2024-01-03,22.062962003908975,59.87853931623321,64,Glass
2024-01-04,22.48838049274416,79.6863205929325,29,Glass
2024-01-05,18.13495108072267,74.05699830980383,28,Cardboard
2024-01-06,22.122550871294713,48.34042057429343,11,Glass
2024-01-07,24.489991456227248,77.22380858575664,65,Glass
2024-01-08,29.25571803897521,44.65465591541904,19,Plastic
2024-01-09,26.796354130426035,72.69798833964767,9,Plastic
2024-01-10,32.76591228755778,55.2249317390632,27,Plastic
2024-01-11,18.163262185559752,75.11897281780278,34,Cardboard
2024-01-12,26.361603183603393,74.72226760429801,44,Glass
2024-01-13,22.91671002869176,72.23701600470486,68,Plastic
2024-01-14,32.94901466608836,71.60121745228246,15,Plastic
2024-01-15,17.958508573224243,52.18716556392163,51,Plastic
2024-01-16,17.801390789096118,43.23677132205009,13,Glass
2024-01-17,19.00303677277989,56.11920715060646,49,Glass
2024-01-18,11.380521378450965,46.940980599460346,70,Glass
2024-01-19,19.371224891596196,67.79804355609846,56,Cardboard
2024-01-20,18.20433669223151,53.84398906151142,51,Cardboard
2024-01-21,22.75196893238104,79.0244080343966,37,Plastic
2024-01-22,23.708779878885796,65.63888309381328,17,Glass
2024-01-23,31.380854196079433,72.89922254537444,58,Plastic
2024-01-24,26.75211919093025,45.30098690967394,29,Glass
2024-01-25,19.115481721687985,74.4805792909049,33,Glass
2024-01-26,17.50792664325821,76.91028762053577,60,Glass
2024-01-27,24.459595857532527,59.482476752757435,55,Cardboard
2024-01-28,15.398833964896788,64.2501175100391,10,Cardboard
2024-01-29,31.15729382927177,70.59239203611982,47,Glass
2024-01-30,27.897200603606436,46.993545090416504,23,Plastic
2024-01-31,19.654121739476476,60.102643058537694,21,Glass
2024-02-01,13.434327354545612,55.946521110892526,13,Glass
2024-02-02,28.769361870827062,45.85495968648996,33,Plastic
2024-02-03,21.42730077373691,54.701376891661255,24,Glass
2024-02-04,28.189081559867308,42.726892375419744,11,Plastic
2024-02-05,14.027861706028165,41.03247627797948,17,Cardboard
2024-02-06,19.003124885231134,45.40665156619291,68,Cardboard
2024-02-07,22.026218498590914,78.52460446356696,47,Plastic
2024-02-08,22.23490296882371,61.98118143580068,25,Cardboard
2024-02-09,19.74967264260378,78.6328864461288,21,Cardboard
2024-02-10,25.114249661737492,57.299915133205275,12,Plastic
2024-02-11,16.661897853087027,52.47264532341038,37,Cardboard
2024-02-12,21.288102574893532,60.245674513609764,42,Glass
2024-02-13,22.601478158559495,57.58046754531641,17,Glass
2024-02-14,24.572194170293745,44.22658737046976,48,Plastic
2024-02-15,25.55807439044445,65.63305258760825,28,Cardboard
2024-02-16,16.376789540810655,48.641527300383984,41,Glass
2024-02-17,14.329429146321889,64.78351819591319,47,Glass
2024-02-18,28.388384109492545,66.00804369592613,18,Cardboard
2024-02-19,23.661570059897958,46.08099412514592,71,Cardboard
2024-02-20,18.25756731721723,42.453985084426726,13,Glass
2024-02-21,29.755759877612615,71.2304634427376,13,Glass
2024-02-22,22.578373171464293,58.392016950772806,31,Plastic
2024-02-23,27.896485920319133,42.32655182021903,2,Plastic
2024-02-24,22.337592407050543,79.79465268679068,16,Glass
2024-02-25,32.303739624409936,42.31122243985467,9,Plastic
2024-02-26,30.77670421221602,67.80140915434212,38,Glass
2024-02-27,20.75517925760463,79.34715701053653,54,Glass
2024-02-28,26.85785475477178,49.567204168637026,56,Plastic
2024-02-29,25.226879747925736,45.689974747487845,45,Plastic
2024-03-01,28.843157787661745,44.855397576897154,34,Cardboard
2024-03-02,17.17538269709948,52.13100590270382,9,Cardboard
2024-03-03,25.430257299992196,44.041832440425864,8,Cardboard
2024-03-04,27.29212243424794,67.68645366776528,7,Glass
2024-03-05,13.206302567884428,42.49167192520251,36,Plastic
2024-03-06,16.083707436671126,60.37688512599159,18,Glass
2024-03-07,11.803839111199498,79.86787415411908,3,Plastic
2024-03-08,20.652965827777212,72.55881078024075,28,Glass
2024-03-09,25.58771127897981,64.60877752924043,70,Cardboard
2024-03-10,29.51178526048014,52.25014483146447,44,Cardboard
2024-03-11,22.370473902098876,64.95583345166554,21,Cardboard
2024-03-12,30.143077727856458,61.08165855646607,28,Glass
2024-03-13,15.099492708925542,57.04333535561486,54,Plastic
2024-03-14,13.483087803224226,45.228415069607976,54,Plastic
2024-03-15,21.722261505516904,75.46416860961867,65,Cardboard
2024-03-16,23.920327244696537,57.9913859528529,21,Cardboard
2024-03-17,21.836526259529535,47.7849004728306,13,Cardboard
2024-03-18,11.662789499800617,54.71037403509158,57,Cardboard
2024-03-19,21.55439980243606,56.565190101157086,49,Plastic
2024-03-20,15.477652497475734,73.10151582267497,54,Glass
2024-03-21,25.348362744150194,69.34457522245609,10,Glass
2024-03-22,23.83299123048424,70.77219574565359,53,Glass
2024-03-23,17.300601068363225,40.44125057714589,44,Glass
2024-03-24,19.430665413316532,56.64615992719046,47,Cardboard
2024-03-25,16.70393239055524,59.25376606541295,53,Cardboard
2024-03-26,21.68660451363414,40.76769107292227,46,Cardboard
2024-03-27,26.775711602506192,50.39252834980137,13,Glass
2024-03-28,17.07136976832228,70.4115929248854,37,Cardboard
2024-03-29,24.520232577589223,45.48438822915996,24,Cardboard
2024-03-30,19.348711908137794,61.41240525810367,2,Plastic
2024-03-31,18.03563583868828,48.6080748806895,14,Plastic
2024-04-01,21.464848200227213,40.48483098575573,10,Cardboard
2024-04-02,16.82378838790313,49.64805830398166,35,Plastic
2024-04-03,19.23175347326409,79.03495019640215,25,Plastic
2024-04-04,16.010610537055758,72.06148447531959,3,Cardboard
2024-04-05,31.823625664581947,78.38306577284133,17,Cardboard
2024-04-06,22.176317759858645,59.514161757054495,12,Cardboard
2024-04-07,18.50137246003707,44.38944794710014,54,Cardboard
2024-04-08,23.06989955367111,61.91837955894772,24,Glass
2024-04-09,21.43835975154585,58.17509338239844,29,Glass
2024-04-10,20.895152002333884,73.77428330958463,43,Cardboard
2024-04-11,25.070833500217127,43.923303231369786,25,Plastic
2024-04-12,25.787538550236526,59.529645480871125,60,Cardboard
2024-04-13,19.34749426194736,46.00194658775937,65,Cardboard
2024-04-14,19.1209087967766,52.9870370756024,28,Plastic
2024-04-15,20.62474151424178,69.49428309551199,16,Glass
2024-04-16,10.490394176322075,59.04072517475066,47,Cardboard
2024-04-17,14.42404468900724,55.035531405830774,58,Cardboard
2024-04-18,28.834371337222624,55.779051142801414,27,Glass
2024-04-19,30.224838567506417,58.377870736239466,53,Glass
2024-04-20,20.75481980221811,71.40066175348227,42,Plastic
2024-04-21,24.882784815278832,75.68338755760938,59,Glass
2024-04-22,23.556250772717682,78.21338746015712,47,Glass
2024-04-23,37.39440404227619,71.4761354502118,34,Glass
2024-04-24,27.597874557172883,52.61627582992051,37,Plastic
2024-04-25,21.360412042596167,67.52538824346169,6,Glass
2024-04-26,17.22229779699787,57.50412496221568,7,Glass
2024-04-27,13.967768398712138,50.18682488184204,25,Plastic
2024-04-28,23.017318179336115,73.6348631770369,33,Glass
2024-04-29,18.218246273578483,41.537053958493,55,Glass
2024-04-30,14.88873145201163,76.07047968541694,58,Plastic
2024-05-01,18.767135578787368,58.45909858498936,7,Cardboard
2024-05-02,16.592259981928024,65.48805907233123,57,Plastic
2024-05-03,30.435708175362823,66.37415688823131,12,Glass
2024-05-04,26.408198784747253,75.80470962826146,16,Glass
2024-05-05,21.960136793416915,65.46678728668829,43,Glass
2024-05-06,29.39972069445013,64.55734339040248,7,Plastic
2024-05-07,22.38684153823809,42.6660816224276,51,Glass
2024-05-08,17.69357899335868,60.73632087780816,32,Glass
2024-05-09,29.615620386348287,46.00676003268167,8,Plastic
2024-05-10,24.694550218423295,69.49735074885942,45,Cardboard
2024-05-11,16.81376922836772,60.488876832506975,59,Cardboard
2024-05-12,21.04830660958196,67.20911116833413,4,Glass
2024-05-13,17.621908733076214,41.66691602409537,67,Plastic
2024-05-14,15.08600134517832,43.39168064183213,29,Glass
2024-05-15,26.630887737658206,68.65293552250729,29,Plastic
2024-05-16,31.547083202350652,42.883373439946936,28,Plastic
2024-05-17,15.007162130904295,42.85026911061034,44,Cardboard
2024-05-18,24.814846183452854,40.4843390093955,4,Cardboard
2024-05-19,18.746787154390866,78.2600559319792,9,Plastic
2024-05-20,19.56437308117652,69.50033437836028,5,Glass
2024-05-21,19.038030378805654,54.13005634008257,56,Cardboard
2024-05-22,17.68004615160092,51.86142325150621,50,Glass
2024-05-23,22.242608139724133,53.988129189833984,15,Cardboard
2024-05-24,17.84524941794481,70.98614124724728,32,Cardboard
2024-05-25,23.352284128899193,66.45482444281657,28,Glass
2024-05-26,21.748809452754315,47.40782271469872,22,Cardboard
2024-05-27,20.80525976566795,46.964373413363376,17,Cardboard
2024-05-28,17.46218168979201,43.935825988535896,59,Glass
2024-05-29,19.116143347158335,66.41210878805353,71,Cardboard
2024-05-30,25.77695612912878,70.57490648886943,57,Cardboard
2024-05-31,24.504585938121902,50.60185713300016,26,Cardboard
2024-06-01,17.112223776007244,40.837798441236515,25,Glass
2024-06-02,22.49666152714613,43.28686669905709,10,Plastic
2024-06-03,25.756935616858947,78.71440139380121,45,Glass
2024-06-04,13.652973594393142,51.81779109909681,11,Plastic
2024-06-05,24.716800961899676,70.76892591352535,53,Cardboard
2024-06-06,18.686881205270765,64.98654275417056,68,Plastic
2024-06-07,24.852993342965796,55.27758558611583,28,Glass
2024-06-08,18.183704217287417,48.22749048782221,65,Glass
2024-06-09,12.975589496677404,44.85545672637626,49,Cardboard
2024-06-10,13.862287810584187,64.60051872155466,47,Plastic
2024-06-11,22.24042473330691,70.98535122551152,52,Cardboard
2024-06-12,23.29861250860741,65.75617014164523,54,Cardboard
2024-06-13,17.478416874477958,61.21208532996633,60,Glass
2024-06-14,25.19296229388687,41.67804893726545,57,Plastic
2024-06-15,13.6923996886552,78.73955110377536,47,Plastic
2024-06-16,21.66960100676342,71.94856766618298,31,Plastic
2024-06-17,15.944919001187717,51.71288146803859,46,Plastic
2024-06-18,18.740819460989204,79.19881317435403,26,Cardboard
2024-06-19,22.23699335658207,64.07526358545289,5,Cardboard
2024-06-20,17.69793317358024,63.29690632828986,52,Glass
2024-06-21,20.077222278850872,69.9229271771813,54,Cardboard
2024-06-22,27.0314640460722,72.4707915236055,33,Cardboard
2024-06-23,19.115540652384254,66.2591442932601,50,Glass
2024-06-24,26.17846056032571,45.123829854648,38,Glass
2024-06-25,16.351465726711908,53.53070023977993,27,Glass
2024-06-26,24.649020889576413,77.12334561304199,15,Cardboard
2024-06-27,29.207843103289502,48.98462447375408,61,Cardboard
2024-06-28,9.641777499363553,54.88668095350053,21,Glass
2024-06-29,18.015523722647615,57.28307531776784,46,Glass
2024-06-30,24.8853606359027,57.57619958777809,69,Glass
2024-07-01,20.984773069785035,64.51758329978102,6,Cardboard
2024-07-02,23.855729366856544,77.72303350978831,38,Cardboard
2024-07-03,18.980074066420897,49.6277084733002,62,Plastic
2024-07-04,22.4329489373645,44.86005505203672,62,Cardboard
2024-07-05,21.221613823039604,47.898819594397494,46,Cardboard
2024-07-06,27.838910308299035,75.47699600837078,13,Cardboard
2024-07-07,23.272104216506065,65.83243250620825,3,Glass
2024-07-08,23.68801331037601,51.4362715695664,6,Cardboard
2024-07-09,19.940615169387662,72.63787755874469,8,Glass
2024-07-10,19.561968879637533,74.45479985453744,44,Plastic
2024-07-11,19.837209060901895,73.86057354761112,33,Plastic
2024-07-12,23.972260711891483,76.75706134558217,50,Glass
2024-07-13,19.895077595898684,50.08964080693446,11,Glass
2024-07-14,23.448874284482066,70.20167714985114,28,Glass
2024-07-15,32.37700399322719,58.4215798909656,70,Cardboard
2024-07-16,26.355623517158463,73.67994211560246,41,Plastic
2024-07-17,20.369882339160796,69.13962708646453,16,Glass
2024-07-18,28.006069610819722,71.05789785998898,68,Cardboard
2024-07-19,19.959623134892244,66.24647350724285,48,Plastic
2024-07-20,11.80937732411073,47.097150778788276,56,Cardboard
2024-07-21,16.95956844541298,61.80107675587753,64,Plastic
2024-07-22,12.646040394870722,79.38678958098032,59,Cardboard
2024-07-23,20.24243257979346,77.49552265988476,62,Plastic
2024-07-24,22.092091895947757,41.72694943188047,11,Plastic
2024-07-25,30.382186561376415,46.59259262917749,18,Cardboard
2024-07-26,23.634636868820813,45.26915093818248,19,Glass
2024-07-27,20.90449735595568,69.03919639941182,55,Plastic
2024-07-28,26.147027905917447,72.71141319427781,26,Glass
2024-07-29,10.944323454960575,48.540454652426874,6,Cardboard
2024-07-30,23.178072790542828,60.23410771807316,4,Glass
2024-07-31,25.854325969434832,73.628121120448,29,Glass
2024-08-01,14.607068771100792,69.31206179065002,59,Glass
2024-08-02,27.718770216034645,61.68948821967393,17,Glass
2024-08-03,23.69248203747207,63.613907618350915,43,Glass
2024-08-04,19.923560430495993,60.3344218766512,66,Plastic
2024-08-05,25.163909330531425,51.901938052752826,34,Plastic
2024-08-06,33.35346428902198,62.600879714360644,8,Plastic
2024-08-07,22.909331275292477,67.55541208200363,13,Cardboard
2024-08-08,23.24110293150168,74.9329166344323,8,Glass
2024-08-09,19.70319550229878,65.45165415916992,65,Plastic
2024-08-10,17.75077815267604,70.44486148172632,43,Cardboard
2024-08-11,26.151679082721227,46.40286539818292,39,Plastic
2024-08-12,17.719580870455665,58.462298976791594,59,Plastic
2024-08-13,22.357831186096963,40.373264793083735,44,Glass
2024-08-14,19.611712766174417,49.86715458086492,9,Cardboard
2024-08-15,24.39489912873196,69.05846860452019,37,Glass
2024-08-16,23.66831052643474,79.67239805397455,36,Glass
2024-08-17,27.187699721289498,43.967123983488634,28,Plastic
2024-08-18,19.449918005726264,56.059772634451534,42,Glass
2024-08-19,20.650625323533145,72.00283874796638,43,Cardboard
2024-08-20,17.106181421088465,48.16142538515595,42,Glass
2024-08-21,19.77853369961944,62.20339797209145,66,Glass
2024-08-22,23.88650246522426,69.32285184118699,55,Glass
2024-08-23,25.78494308322676,64.63941801040716,48,Plastic
2024-08-24,17.389173379111874,47.52098938461665,22,Cardboard
2024-08-25,26.3480296005283,54.21538274742957,27,Plastic
2024-08-26,28.778189294024756,71.35167137941589,67,Plastic
2024-08-27,24.067174516118506,62.16906056528067,13,Plastic
2024-08-28,31.38397906279033,40.20918454171651,45,Plastic
2024-08-29,18.131054004482134,70.43963040112375,10,Plastic
2024-08-30,15.776726483442914,41.41245419760956,9,Cardboard
2024-08-31,13.106398755478606,69.82935130924929,54,Glass
2024-09-01,29.480221557445915,48.0992224066095,27,Plastic
2024-09-02,25.27182828177029,78.32293920477521,34,Plastic
2024-09-03,21.722076645447725,54.71763005208338,1,Cardboard
2024-09-04,23.399843131599102,53.077264653523166,32,Cardboard
2024-09-05,16.372554763508116,45.95552201329779,71,Glass
2024-09-06,34.228759898084135,52.22416861960859,67,Cardboard
2024-09-07,22.646105909876137,75.06603047312802,20,Glass
2024-09-08,22.546973973024464,79.85337350508989,35,Plastic
2024-09-09,25.62883311949346,54.732381220273936,17,Plastic
2024-09-10,24.405046158683568,57.9444252381817,18,Glass
2024-09-11,23.119420121395656,68.88283752810949,45,Cardboard
2024-09-12,18.04762772277344,75.44783121860297,53,Glass
2024-09-13,24.357341785679978,63.721773367471364,68,Cardboard
2024-09-14,31.41012248237517,55.661027927113174,65,Plastic
2024-09-15,28.727100230774887,56.50487363394495,1,Cardboard
2024-09-16,29.965933133196984,67.82472585987227,58,Glass
2024-09-17,19.443921617844076,40.12873054417115,26,Glass
2024-09-18,17.051975898707095,64.78357349839362,20,Plastic
2024-09-19,21.37106539950176,54.219720417654294,10,Cardboard
2024-09-20,22.278624561443472,71.76789325108336,59,Cardboard
2024-09-21,27.470957592354743,43.71962559292528,41,Cardboard
2024-09-22,13.537676851425903,63.52809067793562,5,Plastic
2024-09-23,29.64775159730307,59.23891559544495,65,Cardboard
2024-09-24,21.209960507105052,65.6930210362091,17,Glass
2024-09-25,19.8655946502629,42.594143779318735,22,Cardboard
2024-09-26,16.93947812369916,63.19935149712525,41,Plastic
2024-09-27,13.725716640671154,62.459383518380946,68,Cardboard
2024-09-28,26.115852919809573,62.426403776646836,69,Cardboard
2024-09-29,22.36658983594202,64.13950666385819,11,Glass
2024-09-30,15.55019550129473,67.05871748905449,56,Cardboard
2024-10-01,15.52460613968192,72.1995599872308,51,Glass
2024-10-02,20.32107650354936,50.79282880512857,21,Glass
2024-10-03,30.345107626446964,73.00197640720248,26,Plastic
2024-10-04,20.702043243181976,59.93022729053814,19,Glass
2024-10-05,14.48428523440947,43.08233116537325,60,Glass
2024-10-06,20.77128467957028,42.342037169759166,71,Plastic
2024-10-07,20.636382151261646,53.36953274784243,47,Glass
2024-10-08,8.515566785292142,71.3958790844587,71,Plastic
2024-10-09,21.72852566741094,68.30723738963663,26,Cardboard
2024-10-10,20.84532734895661,71.54459858689626,40,Plastic
2024-10-11,25.48103182406709,60.690762257664375,5,Glass
2024-10-12,31.244780474726724,57.60795991821962,21,Plastic
2024-10-13,27.632825147738785,45.89810106825136,4,Glass
2024-10-14,20.655556547225846,53.12771014437246,23,Cardboard
2024-10-15,16.467370456291647,57.36077464695501,15,Plastic
2024-10-16,34.8667990162493,43.54401718718469,8,Cardboard
2024-10-17,22.29609217007244,48.824478108448446,41,Glass
2024-10-18,22.06964645956473,63.92901176254955,19,Glass
2024-10-19,21.879374564449982,69.42652456956759,46,Cardboard
2024-10-20,22.990423803839274,79.93390045571799,28,Plastic
2024-10-21,21.278197940380288,77.32453325374232,68,Plastic
2024-10-22,19.131689965598817,65.70260798140765,15,Glass
2024-10-23,19.26570529379804,56.84992213176288,37,Cardboard
2024-10-24,21.836233648920008,65.4470945883293,1,Cardboard
2024-10-25,19.282876144331176,71.42606472320928,67,Plastic
2024-10-26,18.435771086614178,44.733447636935495,24,Plastic
2024-10-27,22.532151138459483,56.39619558785153,27,Plastic
2024-10-28,20.725113912895722,73.59209142542468,40,Cardboard
2024-10-29,29.519964942913443,55.35331807732176,63,Plastic
2024-10-30,8.745150958034941,62.874890849087464,61,Plastic
2024-10-31,27.45753425961231,63.51077443448793,36,Glass
2024-11-01,28.230425962488145,47.37905012534557,24,Plastic
2024-11-02,11.633048837959253,54.48941766609153,24,Plastic
2024-11-03,20.286562029598258,53.38045154967729,4,Cardboard
2024-11-04,20.142795670021044,41.047868341282594,67,Cardboard
2024-11-05,14.962441526410894,40.96767055565421,34,Glass
2024-11-06,18.110916562045624,73.26788174703094,57,Plastic
2024-11-07,16.447120772670857,50.9228323989125,49,Glass
2024-11-08,30.761352217118116,60.72315064955262,53,Cardboard
2024-11-09,26.678391965737305,51.94902294355092,23,Glass
2024-11-10,28.357775474970794,77.62716980461363,69,Cardboard
2024-11-11,25.608360320216175,50.37187035463095,53,Glass
2024-11-12,16.354741143913856,57.186272509557405,62,Glass
2024-11-13,19.37739866860113,74.90921001938408,41,Plastic
2024-11-14,24.44687280613959,73.67734267167235,57,Glass
2024-11-15,15.889360955540273,47.44405671385109,60,Plastic
2024-11-16,25.56499215086194,72.10573239182841,54,Plastic
2024-11-17,20.798373009209325,58.327475469515704,70,Plastic
2024-11-18,20.125895962252013,59.31875488341421,57,Plastic
2024-11-19,25.554799841017456,45.339198896637754,10,Glass
2024-11-20,24.2213165574302,43.22406055028499,40,Cardboard
2024-11-21,20.1951691709046,69.1175722789506,7,Cardboard
2024-11-22,27.79664901682124,59.85844609421199,38,Cardboard
2024-11-23,16.594683362000513,57.474028104607186,61,Glass
2024-11-24,25.07967803472132,69.18032914609587,3,Plastic
2024-11-25,24.96550628984192,70.6205159596444,51,Cardboard
2024-11-26,20.452267803430047,46.35632670677414,47,Glass
2024-11-27,23.63066511121059,64.40900597910564,68,Plastic
2024-11-28,15.744432118073485,45.41416329110742,38,Cardboard
2024-11-29,26.620135096034506,70.05500344116183,36,Plastic
2024-11-30,21.075489317785056,66.27820625068559,41,Cardboard
2024-12-01,19.386384897404803,78.26458484333833,69,Cardboard
2024-12-02,27.245046129184445,42.75832065425685,13,Cardboard
2024-12-03,18.478281547286205,42.282188846050175,58,Plastic
2024-12-04,14.957693518182202,51.287482987728005,50,Glass
2024-12-05,14.216854132380481,50.46822734943624,30,Plastic
2024-12-06,25.030049756728197,49.879151962879995,62,Cardboard
2024-12-07,15.597853237518585,76.25018322084146,25,Plastic
2024-12-08,30.77397090992182,49.981847993980246,27,Glass
2024-12-09,11.59035296058139,50.87798904514524,51,Plastic
2024-12-10,30.48228184145019,70.37593049671855,57,Glass
2024-12-11,23.05508733601309,57.9895936980216,47,Glass
2024-12-12,21.516434440648037,71.06842227820725,39,Plastic
2024-12-13,19.275404565955252,42.61464630257541,16,Cardboard
2024-12-14,23.995680571760353,59.50284774693537,22,Glass
2024-12-15,21.81182648787576,41.34454400733131,54,Plastic
2024-12-16,27.516509410082605,42.50612813821418,21,Glass
2024-12-17,22.571138243310198,76.25749813377644,16,Cardboard
2024-12-18,22.75150880730939,45.56981484470381,59,Plastic
2024-12-19,20.18193893893072,61.29682729100868,31,Plastic
2024-12-20,21.715271881394663,56.443824104028266,42,Plastic
2024-12-21,23.539008844460295,53.8937330503537,32,Cardboard
2024-12-22,13.449158036716872,75.9933338274909,59,Glass
2024-12-23,15.259072889471435,40.87293587101958,34,Plastic
2024-12-24,25.716320470113576,66.55158744702356,9,Glass
2024-12-25,22.854327190639708,78.53577736854201,11,Glass
2024-12-26,21.080083318236603,62.40672733847368,10,Cardboard
2024-12-27,22.092169665326967,77.47289848132368,17,Plastic
2024-12-28,23.737908526808354,42.09031517144095,68,Glass
2024-12-29,19.301201598453193,56.751732762966455,48,Plastic
2024-12-30,18.108476372988438,50.406311638482045,52,Plastic
2024-12-31,22.979226275488408,69.23283859922918,25,Cardboard
2025-01-01,17.10813611192484,79.25188361988987,21,Plastic
2025-01-02,24.041263778572358,50.261202497769915,65,Plastic
2025-01-03,13.487081978810798,66.16698405896298,63,Glass
2025-01-04,27.14577818662822,47.92390531038961,51,Cardboard
2025-01-05,24.362987412065216,62.61321018286439,36,Plastic
2025-01-06,23.28014867156938,58.55729946753345,66,Glass
2025-01-07,26.91345491972757,78.88021318526148,15,Cardboard
2025-01-08,30.32737222231288,64.34109090785867,39,Cardboard
2025-01-09,27.07185032509065,53.98025488347275,70,Glass
2025-01-10,12.795628843341774,44.56383139551733,1,Glass
2025-01-11,15.602115166321493,46.049873149397385,23,Glass
2025-01-12,18.875907111521606,49.0126771980494,39,Glass
2025-01-13,22.13045525105417,50.038666453611924,57,Glass
2025-01-14,24.588295102345615,74.02464231364551,34,Plastic
2025-01-15,18.371280934232672,62.44891153130099,41,Plastic
2025-01-16,22.93383382238539,60.935636454974656,13,Cardboard
2025-01-17,18.22308533823339,44.5907548747687,70,Plastic
2025-01-18,18.942410985040258,74.4055877339774,6,Plastic
2025-01-19,14.966694515758888,68.91257212833935,52,Plastic
2025-01-20,17.38383376944548,42.706734476000065,3,Glass
2025-01-21,15.241576971918331,68.31340388919074,63,Cardboard
2025-01-22,17.120633735113337,61.741528693705845,49,Cardboard
2025-01-23,27.268208983039198,43.26901382987113,47,Cardboard
2025-01-24,17.253005555840286,58.33202566114626,55,Cardboard
2025-01-25,35.161910324186955,59.38785148520188,64,Plastic
2025-01-26,24.466589504404446,46.63098160653103,65,Plastic
2025-01-27,22.92418061847437,77.82792588001129,67,Glass
2025-01-28,17.708211099093933,73.99901485922648,15,Cardboard
2025-01-29,25.501549397044958,66.76089349316433,32,Plastic
2025-01-30,19.12181086881113,58.491822440024286,68,Plastic
2025-01-31,22.610049073226808,56.47062166338034,18,Glass
2025-02-01,34.800422691343975,66.03893868603816,43,Glass
2025-02-02,21.51970050137675,61.81727477627622,35,Glass
2025-02-03,27.74636663142838,42.49092423527542,58,Plastic
2025-02-04,18.48411787437056,60.500105950813264,33,Plastic
2025-02-05,21.82505754751519,72.25614468931357,14,Glass
2025-02-06,30.85400317817755,58.369595103878325,34,Cardboard
2025-02-07,18.865164711061162,42.07826310217074,61,Glass
2025-02-08,31.062242789984644,71.45112797536132,4,Glass
2025-02-09,25.538759677277376,48.054551285438976,59,Glass
2025-02-10,19.18766612052866,50.34483339552155,29,Glass
2025-02-11,25.162038695277605,46.588254137291834,6,Plastic
2025-02-12,26.86277224813365,53.2086025948599,49,Cardboard
2025-02-13,25.10904981108598,70.2700602275454,40,Glass
2025-02-14,14.148876400547717,60.77543438015749,65,Cardboard
2025-02-15,18.364314120875658,48.1952509660285,69,Cardboard
2025-02-16,20.762406822242475,75.11320312608163,27,Cardboard
2025-02-17,21.62783285449977,75.18327419806117,6,Glass
2025-02-18,25.103360487753392,74.82313700184028,13,Plastic
2025-02-19,22.888505004666268,49.55184845526157,64,Glass
2025-02-20,15.323278206449494,58.04957376723952,62,Cardboard
2025-02-21,23.900989255029817,79.399586245635,19,Cardboard
2025-02-22,25.052928726419115,70.88049905239961,43,Plastic
2025-02-23,24.7989522396552,41.086696849022395,20,Glass
2025-02-24,27.403903627773108,42.60818365041968,68,Cardboard
2025-02-25,26.16961077274452,58.55725507249331,44,Plastic
2025-02-26,24.295900396142184,76.3688082344624,23,Cardboard
2025-02-27,21.649171442706766,61.54807191810857,2,Plastic
2025-02-28,13.695195332420043,59.91250032137161,22,Plastic
2025-03-01,24.148091095662927,44.21894799826522,57,Glass
2025-03-02,23.038438435815557,66.27120418897177,7,Cardboard
2025-03-03,23.357894185976868,72.88412642400903,56,Glass
2025-03-04,15.616257120898453,55.216800300302495,67,Cardboard
2025-03-05,16.594717297958688,71.0244740370131,16,Glass
2025-03-06,27.26576426666452,78.57906615603247,51,Cardboard
2025-03-07,21.802224230716725,48.15065836510756,12,Glass
2025-03-08,25.40750348686312,60.93318524778965,53,Plastic
2025-03-09,22.141591880652307,51.48551832338302,5,Cardboard
2025-03-10,22.148780697478728,71.71417676135357,27,Cardboard
2025-03-11,26.691419029879988,63.1037346352463,12,Plastic
2025-03-12,19.41977635891313,65.38329670201215,17,Glass
2025-03-13,22.480603884704916,71.91656638463576,6,Cardboard
2025-03-14,19.688623556474788,55.8388189064982,5,Cardboard
2025-03-15,19.82751886283842,76.60360273628173,57,Glass
2025-03-16,20.454139382656802,61.3211546898456,28,Plastic
2025-03-17,23.110668858168566,46.318192913413924,69,Glass
2025-03-18,19.606256891682612,67.8359647267521,59,Glass
2025-03-19,28.278780627867604,71.73045401753018,33,Glass
2025-03-20,17.52696348890248,52.670467082701066,62,Cardboard
2025-03-21,21.065641779193204,74.28717027995012,50,Plastic
2025-03-22,19.801344708629124,76.24573019063065,19,Plastic
2025-03-23,29.234889421768663,51.076179495112356,69,Glass
2025-03-24,22.982773882557872,79.34085890860888,66,Cardboard
2025-03-25,27.159222697343175,45.62846112195034,47,Glass
2025-03-26,14.57219813481514,48.0806267360996,39,Cardboard
2025-03-27,23.335251329346296,47.368993569521045,68,Cardboard
2025-03-28,26.448153978117183,75.75958840031481,33,Cardboard
2025-03-29,22.41141994637712,66.17170209299847,13,Cardboard
2025-03-30,27.327401875326757,46.08417132889092,54,Plastic
2025-03-31,19.41355774949814,57.612936734733964,7,Cardboard
2025-04-01,29.0467372009279,64.61192100279209,14,Cardboard
2025-04-02,33.49449061809625,43.338563399575335,19,Glass
2025-04-03,20.185807197801704,75.29665473629355,54,Glass
2025-04-04,19.77248739299614,72.14414141766142,20,Plastic
2025-04-05,29.266922385588504,60.20827094306553,29,Glass
2025-04-06,29.897860728653562,78.68506461036682,24,Cardboard
2025-04-07,19.385699864233658,56.71043917100398,63,Glass
2025-04-08,19.899065914520712,79.3644127614599,57,Plastic
2025-04-09,20.591076955697464,66.71679995214508,8,Glass
2025-04-10,15.277747444828615,65.38685093015766,62,Glass
2025-04-11,17.40674026757901,46.6381958118314,29,Plastic
2025-04-12,16.97929616623966,75.27711033218576,17,Plastic
2025-04-13,18.161012174479357,57.099587516824606,66,Cardboard
2025-04-14,21.826575563066093,46.48933623129918,6,Glass
2025-04-15,23.171073662682602,40.50430079903036,58,Cardboard
2025-04-16,29.752502464070385,62.3902273455353,69,Glass
2025-04-17,17.008229796306047,61.095984884907054,28,Glass
2025-04-18,26.921611992382918,68.77414489476635,62,Cardboard
2025-04-19,20.930055778872454,75.61032212071208,41,Glass
2025-04-20,21.752681451737836,43.17626338572118,69,Glass
2025-04-21,25.37409746083302,69.2598596136145,41,Glass
2025-04-22,16.386389892188507,47.496477763903286,49,Plastic
2025-04-23,23.912048730920255,74.32708212628656,49,Cardboard
2025-04-24,22.83226104106528,72.76254055446624,71,Plastic
2025-04-25,24.462256320040744,61.631750199421774,3,Cardboard
2025-04-26,23.44584321953909,68.40971194493247,10,Cardboard
2025-04-27,34.276500699554475,52.574004527349935,35,Glass
2025-04-28,18.81130007874342,58.84671595731258,2,Cardboard
2025-04-29,19.345015224990913,72.86547590841886,24,Plastic
2025-04-30,18.88429736787618,58.37060788692855,38,Plastic
2025-05-01,19.222614404198726,54.31193061301767,22,Plastic
2025-05-02,18.81306436346741,59.768497890012,26,Cardboard
2025-05-03,27.94508265553776,73.12997009748874,43,Plastic
2025-05-04,29.102521239949276,53.40832189483491,55,Cardboard
2025-05-05,19.14626853125262,46.95046372542975,39,Plastic
2025-05-06,17.838222134478855,68.48056081323122,29,Plastic
2025-05-07,24.35707778193202,73.03912850832327,20,Cardboard
2025-05-08,19.238884778595143,44.025499140941335,41,Plastic
2025-05-09,25.164659088777555,49.59496451023779,54,Glass
2025-05-10,23.0146151042565,45.678879590439756,20,Cardboard
2025-05-11,14.42127942501384,53.91765646328666,19,Cardboard
2025-05-12,29.737526006650306,58.014039156216505,66,Cardboard
2025-05-13,30.97938836547761,69.95305347853225,30,Glass
2025-05-14,18.93605654757807,66.04590339526696,53,Cardboard
2025-05-15,20.061492200320078,64.83714269913725,34,Plastic
2025-05-16,23.429326953624525,54.09499786438617,22,Plastic
2025-05-17,23.672283949935125,73.6579021233904,67,Plastic
2025-05-18,25.29272136336415,58.85148669592658,6,Cardboard
2025-05-19,32.05102269383175,79.16419752060618,27,Plastic
2025-05-20,21.11526386252975,65.36568553182947,10,Cardboard
2025-05-21,18.00851377730773,45.05058966258011,48,Plastic
2025-05-22,15.103403859927365,67.04710248301737,70,Glass
2025-05-23,18.345349800290403,53.00416061726796,59,Glass
2025-05-24,21.834365135631014,67.4530878674439,59,Glass
2025-05-25,30.97278931758894,42.78564592649623,2,Glass
2025-05-26,19.411943504819142,46.99525748703837,29,Cardboard
2025-05-27,23.118939758194493,74.22949035623145,68,Plastic
2025-05-28,21.91788551963624,49.087182280940596,65,Glass
2025-05-29,27.94196636724042,73.4816450097176,26,Cardboard
2025-05-30,34.63466212936811,51.17104353817642,10,Glass
2025-05-31,19.345656135398396,65.71527640234831,53,Glass
2025-06-01,19.55280278740889,67.76602294039324,59,Cardboard
2025-06-02,27.22080438534536,60.50619012580212,22,Cardboard
2025-06-03,25.40945744813156,52.21242706786925,51,Plastic
2025-06-04,31.23353662868017,48.505775054843845,48,Plastic
2025-06-05,24.919640926629818,41.327574182497045,21,Glass
2025-06-06,20.203539546064704,52.157856049628954,22,Glass
2025-06-07,24.953274153461546,66.12651162125132,30,Plastic
2025-06-08,27.543517902914537,77.53219273793931,25,Plastic
2025-06-09,26.102410905986822,74.84817929052208,28,Cardboard
2025-06-10,24.53637015553649,70.6425910614121,65,Plastic
2025-06-11,27.333373447945768,71.53789373013194,45,Plastic
2025-06-12,27.846477952228362,66.59939613903981,68,Glass
2025-06-13,28.910794955187637,50.411474302640116,7,Plastic
2025-06-14,25.243549437948214,76.28780122823319,49,Glass
2025-06-15,21.164409598415727,66.82929247623336,9,Plastic
2025-06-16,22.733568432166614,62.4176252392176,36,Cardboard
2025-06-17,28.032544832541785,44.43957876853924,1,Plastic
2025-06-18,17.91532164506382,57.88222175225702,10,Plastic
2025-06-19,23.843366544364507,58.41433084807705,36,Plastic
2025-06-20,20.033305938363196,74.5825443809068,46,Glass
2025-06-21,22.143724114674086,61.86592880751154,32,Cardboard
2025-06-22,28.392259313036494,55.216021958816384,32,Plastic
2025-06-23,22.955495340099517,79.07201314042638,6,Glass
2025-06-24,22.232182740780743,44.428823733052624,48,Cardboard
2025-06-25,15.200719295100404,56.901937132477784,38,Glass
2025-06-26,25.731267830136105,41.68098700685621,17,Glass
2025-06-27,25.227420905705376,69.59616483067721,27,Cardboard
2025-06-28,32.8162736165273,76.72306208796603,54,Plastic
2025-06-29,20.461108825234994,51.201493182019576,50,Glass
2025-06-30,23.095751638319694,74.33366707196484,35,Glass
2025-07-01,23.246918418553776,51.68872921847591,25,Plastic
2025-07-02,29.887266398817374,76.4308064657566,28,Plastic
2025-07-03,21.523522338065238,70.15847614387135,15,Cardboard
2025-07-04,23.395107628851697,72.19627107365754,4,Cardboard
2025-07-05,25.039482548582697,40.72026222401818,27,Cardboard
2025-07-06,22.93304561578179,78.51241428296103,26,Plastic
2025-07-07,19.767831927247357,69.06683968281293,19,Glass
2025-07-08,22.97044996449154,52.190043815445335,17,Glass
2025-07-09,27.36815874929886,73.17578659435388,43,Cardboard
2025-07-10,16.8674235029447,51.2608479365972,41,Plastic
2025-07-11,22.66484837073438,74.91015358264511,42,Glass
2025-07-12,18.499395925304135,44.50321561647748,50,Cardboard
2025-07-13,27.975233144624212,68.14743909843183,40,Glass
2025-07-14,14.384065476081126,61.62793906579641,39,Glass
2025-07-15,19.205390763642058,43.86137880781763,23,Plastic
2025-07-16,23.886059375322603,49.675753130353556,52,Plastic
2025-07-17,29.827620146171704,40.49616145109259,47,Glass
2025-07-18,21.67124869463506,58.75071861858024,63,Cardboard
2025-07-19,19.22400236653401,52.05061043040001,69,Plastic
2025-07-20,31.40578534720295,63.934299371910356,43,Glass
2025-07-21,14.75993049791878,51.88951230834469,48,Plastic
2025-07-22,11.005970216899591,51.99676446027939,34,Plastic
2025-07-23,24.20007225026666,69.72772794926414,40,Plastic
2025-07-24,19.489728878236946,41.925713439134135,61,Glass
2025-07-25,16.893835914346433,76.11579980767948,50,Cardboard
2025-07-26,25.541782236496765,74.09055497564725,67,Cardboard
2025-07-27,23.219003568855996,66.71218732905626,62,Cardboard
2025-07-28,19.179606846316357,63.728862804295375,58,Plastic
2025-07-29,15.598478006645529,75.69209992558609,33,Glass
2025-07-30,26.362286641400722,47.41320718114858,16,Plastic
2025-07-31,25.251005889793305,43.158766487633144,48,Cardboard
2025-08-01,21.504120681103085,49.580406796381524,10,Cardboard
2025-08-02,31.233184980238327,71.78313114800761,38,Glass
2025-08-03,16.649576168369236,41.38681066905933,19,Plastic
2025-08-04,14.372374145376305,63.31227340333959,36,Cardboard
2025-08-05,18.540459650593778,79.8175006476524,59,Glass
2025-08-06,21.77206991822251,74.22784375350157,63,Plastic
2025-08-07,23.21669724661346,60.857827561743576,46,Plastic
2025-08-08,20.79381971071835,42.54563637146569,3,Cardboard
2025-08-09,23.760276982571483,73.25494057542839,65,Cardboard
2025-08-10,15.74230287904778,63.95914032708842,8,Plastic
2025-08-11,29.218823020366298,44.59731988238267,51,Plastic
2025-08-12,21.589244108037157,43.75429139293425,6,Cardboard
2025-08-13,27.586479157940637,76.3850727774637,39,Plastic
2025-08-14,23.71362673188852,66.76801051752314,60,Cardboard
2025-08-15,24.283766095768918,73.17147197267022,28,Plastic
2025-08-16,24.84883640116102,75.15915601129069,54,Cardboard
2025-08-17,24.238542800086574,62.87089408193289,37,Glass
2025-08-18,25.21361379933772,60.69785407020165,9,Cardboard
2025-08-19,28.645762650662157,57.21709641283961,56,Cardboard
2025-08-20,22.98260584850735,52.67786351164477,59,Glass
2025-08-21,25.54501878794256,57.38383843434847,2,Plastic
2025-08-22,21.551321528563868,70.95518622920625,61,Glass
2025-08-23,29.200586077247365,64.07693724060526,58,Cardboard
2025-08-24,18.61803848970365,75.70093159819385,60,Plastic
2025-08-25,31.00470216455408,57.73520057516751,40,Glass
2025-08-26,21.799210246778284,64.28358314875015,36,Plastic
2025-08-27,14.84612448940976,65.25230212367956,37,Plastic
2025-08-28,22.640522074553946,63.66788649225302,18,Glass
2025-08-29,18.594741712625595,68.10535092342064,63,Plastic
2025-08-30,26.203217744943622,49.497338734992255,22,Glass
2025-08-31,18.736880103488044,60.494551101831625,11,Cardboard
2025-09-01,19.769082833926102,44.16899211233391,58,Plastic
2025-09-02,12.552296345272346,55.3804531057925,57,Cardboard
2025-09-03,19.738468403754617,59.50668274485058,4,Cardboard
2025-09-04,9.880603366855217,66.0889703818189,7,Plastic
2025-09-05,14.080485882571384,78.02124210344815,61,Glass
2025-09-06,25.802073280721487,64.02604266193424,54,Plastic
2025-09-07,25.92900079325416,69.74375664706238,68,Cardboard
2025-09-08,24.127287808924823,60.25064237980811,1,Cardboard
2025-09-09,17.165119284353935,65.36416125505326,55,Glass
2025-09-10,21.7614432192901,42.83728864535094,3,Plastic
2025-09-11,21.981987304547157,50.17566323367388,38,Cardboard
2025-09-12,16.208176554037287,54.47412372820555,1,Cardboard
2025-09-13,29.51699150883575,58.89973420026054,38,Cardboard
2025-09-14,26.386811452878355,41.825949820095346,29,Glass
2025-09-15,20.89517913085168,45.600963902132705,5,Cardboard
2025-09-16,22.134429194972654,51.07257231165223,21,Cardboard
2025-09-17,23.04191403973776,78.86130763604203,71,Plastic
2025-09-18,11.791325657878547,53.25388028412203,67,Plastic
2025-09-19,20.764113087397014,59.2816423244833,47,Cardboard
2025-09-20,18.590078760011007,47.843908509535716,35,Cardboard
2025-09-21,16.991899950525422,64.43120284303073,68,Plastic
2025-09-22,20.594498535570224,51.22732862063897,69,Glass
2025-09-23,30.988432634247612,48.27970313753707,1,Glass
2025-09-24,25.20421430633505,60.66290513783916,68,Glass
2025-09-25,19.144105051086015,40.22023196641683,12,Glass
2025-09-26,24.862913906780793,40.30656130596901,60,Glass
